2026-03-09 15:14:19,098 - main [INFO]: Starting Osaka MicroGRAMS Slack Info Bot
2026-03-09 15:14:19,098 - main [INFO]: Text push duration set to 600 seconds
2026-03-09 15:14:19,099 - main [INFO]: Image push duration set to 21600 seconds
2026-03-09 15:14:19,099 - main [INFO]: host: 127.0.0.1, user: root
2026-03-09 15:22:57,329 - main [INFO]: Starting Osaka MicroGRAMS Slack Info Bot
2026-03-09 15:22:57,329 - main [INFO]: Text push duration set to 600 seconds
2026-03-09 15:22:57,329 - main [INFO]: Image push duration set to 21600 seconds
2026-03-09 15:22:57,330 - main [INFO]: host: 127.0.0.1, user: root
2026-03-09 15:25:31,574 - main [INFO]: Starting Osaka MicroGRAMS Slack Info Bot
2026-03-09 15:25:31,574 - main [INFO]: Text push duration set to 600 seconds
2026-03-09 15:25:31,574 - main [INFO]: Image push duration set to 21600 seconds
2026-03-09 15:25:31,575 - main [INFO]: host: 127.0.0.1, user: root
2026-03-09 15:25:31,575 - slack [INFO]: Initialized SlackHandler
2026-03-09 15:25:31,873 - slack [INFO]: Slack auth test successful
2026-03-09 15:25:33,100 - slack [INFO]: Authenticated as user: worldviewslowcontrol in team: ['GRAMS']

2026-03-09 15:25:33,108 - mysql [DEBUG]: MySQL query response: [{'id': 1315782, 'time': datetime.datetime(2026, 1, 22, 0, 41, 53), 'PR1': Decimal('11.300000000000'), 'PR2': Decimal('0.500000000000'), 'PR3': Decimal('749.000000000000'), 'PR4': Decimal('748.900000000000'), 'PR5': Decimal('0E-12')}]
2026-03-09 15:25:33,109 - mysql [DEBUG]: MySQL query response: [{'id': 347923, 'time': datetime.datetime(2026, 1, 22, 1, 1, 12), 'RemotePrio': None, 'SpdSwPtAtt': None, 'ErrorCode': '', 'OvTempElec': None, 'OvTempPump': None, 'SetSpdAtt': None, 'PumpAccel': None, 'SetRotSpd': None, 'ActualSpd': None, 'DrvCurrent': None, 'OpHrsPump': None, 'FwVersion': None, 'DrvVoltage': None, 'OpHrsElec': None, 'NominalSpd': None, 'DrvPower': None, 'PumpCylces': None, 'TempElec': None, 'TempPmpBot': None, 'AccelDecel': None, 'TempBearng': None, 'TempMotor': None, 'ElecName': '', 'HWVersion': None, 'ErrHist1': '', 'ErrHist2': '', 'ErrHist3': '', 'ErrHist4': '', 'ErrHist5': '', 'ErrHist6': '', 'ErrHist7': '', 'ErrHist8': '', 'ErrHist9': '', 'ErrHist10': ''}]
2026-03-09 15:25:33,109 - main [ERROR]: Error occurred:
Traceback (most recent call last):
  File "/home/pi/osakainfo/main.py", line 105, in main
    text += "\nActual Turbo Rotation: ".ljust(ljust_value) + f"{ups_data['ActualSpd']:5}" + " rpm"
                                                             ^^^^^^^^^^^^^^^^^^^^^^^^^^^^
TypeError: unsupported format string passed to NoneType.__format__
2026-03-09 15:26:33,110 - mysql [DEBUG]: MySQL query response: [{'id': 1315782, 'time': datetime.datetime(2026, 1, 22, 0, 41, 53), 'PR1': Decimal('11.300000000000'), 'PR2': Decimal('0.500000000000'), 'PR3': Decimal('749.000000000000'), 'PR4': Decimal('748.900000000000'), 'PR5': Decimal('0E-12')}]
2026-03-09 15:26:33,111 - mysql [DEBUG]: MySQL query response: [{'id': 347923, 'time': datetime.datetime(2026, 1, 22, 1, 1, 12), 'RemotePrio': None, 'SpdSwPtAtt': None, 'ErrorCode': '', 'OvTempElec': None, 'OvTempPump': None, 'SetSpdAtt': None, 'PumpAccel': None, 'SetRotSpd': None, 'ActualSpd': None, 'DrvCurrent': None, 'OpHrsPump': None, 'FwVersion': None, 'DrvVoltage': None, 'OpHrsElec': None, 'NominalSpd': None, 'DrvPower': None, 'PumpCylces': None, 'TempElec': None, 'TempPmpBot': None, 'AccelDecel': None, 'TempBearng': None, 'TempMotor': None, 'ElecName': '', 'HWVersion': None, 'ErrHist1': '', 'ErrHist2': '', 'ErrHist3': '', 'ErrHist4': '', 'ErrHist5': '', 'ErrHist6': '', 'ErrHist7': '', 'ErrHist8': '', 'ErrHist9': '', 'ErrHist10': ''}]
2026-03-09 15:26:33,111 - main [ERROR]: Error occurred:
Traceback (most recent call last):
  File "/home/pi/osakainfo/main.py", line 105, in main
    text += "\nActual Turbo Rotation: ".ljust(ljust_value) + f"{ups_data['ActualSpd']:5}" + " rpm"
                                                             ^^^^^^^^^^^^^^^^^^^^^^^^^^^^
TypeError: unsupported format string passed to NoneType.__format__
2026-03-09 15:27:33,113 - mysql [DEBUG]: MySQL query response: [{'id': 1315782, 'time': datetime.datetime(2026, 1, 22, 0, 41, 53), 'PR1': Decimal('11.300000000000'), 'PR2': Decimal('0.500000000000'), 'PR3': Decimal('749.000000000000'), 'PR4': Decimal('748.900000000000'), 'PR5': Decimal('0E-12')}]
2026-03-09 15:27:33,114 - mysql [DEBUG]: MySQL query response: [{'id': 347923, 'time': datetime.datetime(2026, 1, 22, 1, 1, 12), 'RemotePrio': None, 'SpdSwPtAtt': None, 'ErrorCode': '', 'OvTempElec': None, 'OvTempPump': None, 'SetSpdAtt': None, 'PumpAccel': None, 'SetRotSpd': None, 'ActualSpd': None, 'DrvCurrent': None, 'OpHrsPump': None, 'FwVersion': None, 'DrvVoltage': None, 'OpHrsElec': None, 'NominalSpd': None, 'DrvPower': None, 'PumpCylces': None, 'TempElec': None, 'TempPmpBot': None, 'AccelDecel': None, 'TempBearng': None, 'TempMotor': None, 'ElecName': '', 'HWVersion': None, 'ErrHist1': '', 'ErrHist2': '', 'ErrHist3': '', 'ErrHist4': '', 'ErrHist5': '', 'ErrHist6': '', 'ErrHist7': '', 'ErrHist8': '', 'ErrHist9': '', 'ErrHist10': ''}]
2026-03-09 15:27:33,114 - main [ERROR]: Error occurred:
Traceback (most recent call last):
  File "/home/pi/osakainfo/main.py", line 105, in main
    text += "\nActual Turbo Rotation: ".ljust(ljust_value) + f"{ups_data['ActualSpd']:5}" + " rpm"
                                                             ^^^^^^^^^^^^^^^^^^^^^^^^^^^^
TypeError: unsupported format string passed to NoneType.__format__
2026-03-09 15:28:33,115 - mysql [DEBUG]: MySQL query response: [{'id': 1315782, 'time': datetime.datetime(2026, 1, 22, 0, 41, 53), 'PR1': Decimal('11.300000000000'), 'PR2': Decimal('0.500000000000'), 'PR3': Decimal('749.000000000000'), 'PR4': Decimal('748.900000000000'), 'PR5': Decimal('0E-12')}]
2026-03-09 15:28:33,116 - mysql [DEBUG]: MySQL query response: [{'id': 347923, 'time': datetime.datetime(2026, 1, 22, 1, 1, 12), 'RemotePrio': None, 'SpdSwPtAtt': None, 'ErrorCode': '', 'OvTempElec': None, 'OvTempPump': None, 'SetSpdAtt': None, 'PumpAccel': None, 'SetRotSpd': None, 'ActualSpd': None, 'DrvCurrent': None, 'OpHrsPump': None, 'FwVersion': None, 'DrvVoltage': None, 'OpHrsElec': None, 'NominalSpd': None, 'DrvPower': None, 'PumpCylces': None, 'TempElec': None, 'TempPmpBot': None, 'AccelDecel': None, 'TempBearng': None, 'TempMotor': None, 'ElecName': '', 'HWVersion': None, 'ErrHist1': '', 'ErrHist2': '', 'ErrHist3': '', 'ErrHist4': '', 'ErrHist5': '', 'ErrHist6': '', 'ErrHist7': '', 'ErrHist8': '', 'ErrHist9': '', 'ErrHist10': ''}]
2026-03-09 15:28:33,117 - main [ERROR]: Error occurred:
Traceback (most recent call last):
  File "/home/pi/osakainfo/main.py", line 105, in main
    text += "\nActual Turbo Rotation: ".ljust(ljust_value) + f"{ups_data['ActualSpd']:5}" + " rpm"
                                                             ^^^^^^^^^^^^^^^^^^^^^^^^^^^^
TypeError: unsupported format string passed to NoneType.__format__
2026-03-09 15:30:21,709 - main [INFO]: Starting Osaka MicroGRAMS Slack Info Bot
2026-03-09 15:30:21,709 - main [INFO]: Text push duration set to 600 seconds
2026-03-09 15:30:21,709 - main [INFO]: Image push duration set to 21600 seconds
2026-03-09 15:30:21,709 - main [INFO]: host: 127.0.0.1, user: root
2026-03-09 15:30:21,710 - slack [INFO]: Initialized SlackHandler
2026-03-09 15:30:22,009 - slack [INFO]: Slack auth test successful
2026-03-09 15:30:22,599 - slack [INFO]: Authenticated as user: worldviewslowcontrol in team: ['GRAMS']

2026-03-09 15:30:22,602 - mysql [DEBUG]: MySQL query response: [{'id': 1315782, 'time': datetime.datetime(2026, 1, 22, 0, 41, 53), 'PR1': Decimal('11.300000000000'), 'PR2': Decimal('0.500000000000'), 'PR3': Decimal('749.000000000000'), 'PR4': Decimal('748.900000000000'), 'PR5': Decimal('0E-12')}]
2026-03-09 15:30:22,602 - mysql [DEBUG]: MySQL query response: [{'id': 347923, 'time': datetime.datetime(2026, 1, 22, 1, 1, 12), 'RemotePrio': None, 'SpdSwPtAtt': None, 'ErrorCode': '', 'OvTempElec': None, 'OvTempPump': None, 'SetSpdAtt': None, 'PumpAccel': None, 'SetRotSpd': None, 'ActualSpd': None, 'DrvCurrent': None, 'OpHrsPump': None, 'FwVersion': None, 'DrvVoltage': None, 'OpHrsElec': None, 'NominalSpd': None, 'DrvPower': None, 'PumpCylces': None, 'TempElec': None, 'TempPmpBot': None, 'AccelDecel': None, 'TempBearng': None, 'TempMotor': None, 'ElecName': '', 'HWVersion': None, 'ErrHist1': '', 'ErrHist2': '', 'ErrHist3': '', 'ErrHist4': '', 'ErrHist5': '', 'ErrHist6': '', 'ErrHist7': '', 'ErrHist8': '', 'ErrHist9': '', 'ErrHist10': ''}]
2026-03-09 15:30:22,602 - main [ERROR]: Error occurred:
Traceback (most recent call last):
  File "/home/pi/osakainfo/main.py", line 105, in main
    text += "\nActual Turbo Rotation: ".ljust(ljust_value) + f"{ups_data['ActualSpd']:5}" + " rpm"
                                                             ^^^^^^^^^^^^^^^^^^^^^^^^^^^^
TypeError: unsupported format string passed to NoneType.__format__
2026-03-09 15:32:04,890 - main [INFO]: Starting Osaka MicroGRAMS Slack Info Bot
2026-03-09 15:32:04,890 - main [INFO]: Text push duration set to 600 seconds
2026-03-09 15:32:04,890 - main [INFO]: Image push duration set to 21600 seconds
2026-03-09 15:32:04,891 - main [INFO]: host: 127.0.0.1, user: root
2026-03-09 15:32:04,891 - slack [INFO]: Initialized SlackHandler
2026-03-09 15:32:05,232 - slack [INFO]: Slack auth test successful
2026-03-09 15:32:05,814 - slack [INFO]: Authenticated as user: worldviewslowcontrol in team: ['GRAMS']

2026-03-09 15:32:05,816 - mysql [DEBUG]: MySQL query response: [{'id': 1315782, 'time': datetime.datetime(2026, 1, 22, 0, 41, 53), 'PR1': Decimal('11.300000000000'), 'PR2': Decimal('0.500000000000'), 'PR3': Decimal('749.000000000000'), 'PR4': Decimal('748.900000000000'), 'PR5': Decimal('0E-12')}]
2026-03-09 15:32:05,817 - mysql [DEBUG]: MySQL query response: [{'id': 347923, 'time': datetime.datetime(2026, 1, 22, 1, 1, 12), 'RemotePrio': None, 'SpdSwPtAtt': None, 'ErrorCode': '', 'OvTempElec': None, 'OvTempPump': None, 'SetSpdAtt': None, 'PumpAccel': None, 'SetRotSpd': None, 'ActualSpd': None, 'DrvCurrent': None, 'OpHrsPump': None, 'FwVersion': None, 'DrvVoltage': None, 'OpHrsElec': None, 'NominalSpd': None, 'DrvPower': None, 'PumpCylces': None, 'TempElec': None, 'TempPmpBot': None, 'AccelDecel': None, 'TempBearng': None, 'TempMotor': None, 'ElecName': '', 'HWVersion': None, 'ErrHist1': '', 'ErrHist2': '', 'ErrHist3': '', 'ErrHist4': '', 'ErrHist5': '', 'ErrHist6': '', 'ErrHist7': '', 'ErrHist8': '', 'ErrHist9': '', 'ErrHist10': ''}]
2026-03-09 15:32:05,817 - main [ERROR]: Error occurred:
Traceback (most recent call last):
  File "/home/pi/osakainfo/main.py", line 105, in main
    text += "\nActual Turbo Rotation: ".ljust(ljust_value) + f"{ups_data['ActualSpd']:5}" + " rpm"
                                                             ^^^^^^^^^^^^^^^^^^^^^^^^^^^^
TypeError: unsupported format string passed to NoneType.__format__
2026-03-09 15:32:53,092 - main [INFO]: Starting Osaka MicroGRAMS Slack Info Bot
2026-03-09 15:32:53,092 - main [INFO]: Text push duration set to 600 seconds
2026-03-09 15:32:53,092 - main [INFO]: Image push duration set to 600 seconds
2026-03-09 15:32:53,093 - main [INFO]: host: 127.0.0.1, user: root
2026-03-09 15:32:53,093 - slack [INFO]: Initialized SlackHandler
2026-03-09 15:32:53,385 - slack [INFO]: Slack auth test successful
2026-03-09 15:32:54,030 - slack [INFO]: Authenticated as user: worldviewslowcontrol in team: ['GRAMS']

2026-03-09 15:32:54,033 - mysql [DEBUG]: MySQL query response: [{'id': 1315782, 'time': datetime.datetime(2026, 1, 22, 0, 41, 53), 'PR1': Decimal('11.300000000000'), 'PR2': Decimal('0.500000000000'), 'PR3': Decimal('749.000000000000'), 'PR4': Decimal('748.900000000000'), 'PR5': Decimal('0E-12')}]
2026-03-09 15:32:54,034 - mysql [DEBUG]: MySQL query response: [{'id': 347923, 'time': datetime.datetime(2026, 1, 22, 1, 1, 12), 'RemotePrio': None, 'SpdSwPtAtt': None, 'ErrorCode': '', 'OvTempElec': None, 'OvTempPump': None, 'SetSpdAtt': None, 'PumpAccel': None, 'SetRotSpd': None, 'ActualSpd': None, 'DrvCurrent': None, 'OpHrsPump': None, 'FwVersion': None, 'DrvVoltage': None, 'OpHrsElec': None, 'NominalSpd': None, 'DrvPower': None, 'PumpCylces': None, 'TempElec': None, 'TempPmpBot': None, 'AccelDecel': None, 'TempBearng': None, 'TempMotor': None, 'ElecName': '', 'HWVersion': None, 'ErrHist1': '', 'ErrHist2': '', 'ErrHist3': '', 'ErrHist4': '', 'ErrHist5': '', 'ErrHist6': '', 'ErrHist7': '', 'ErrHist8': '', 'ErrHist9': '', 'ErrHist10': ''}]
2026-03-09 15:32:54,034 - main [ERROR]: Error occurred:
Traceback (most recent call last):
  File "/home/pi/osakainfo/main.py", line 105, in main
    text += "\nActual Turbo Rotation: ".ljust(ljust_value) + f"{ups_data['ActualSpd']:5}" + " rpm"
                                                             ^^^^^^^^^^^^^^^^^^^^^^^^^^^^
TypeError: unsupported format string passed to NoneType.__format__
2026-03-09 15:33:54,035 - mysql [DEBUG]: MySQL query response: [{'id': 1315782, 'time': datetime.datetime(2026, 1, 22, 0, 41, 53), 'PR1': Decimal('11.300000000000'), 'PR2': Decimal('0.500000000000'), 'PR3': Decimal('749.000000000000'), 'PR4': Decimal('748.900000000000'), 'PR5': Decimal('0E-12')}]
2026-03-09 15:33:54,036 - mysql [DEBUG]: MySQL query response: [{'id': 347923, 'time': datetime.datetime(2026, 1, 22, 1, 1, 12), 'RemotePrio': None, 'SpdSwPtAtt': None, 'ErrorCode': '', 'OvTempElec': None, 'OvTempPump': None, 'SetSpdAtt': None, 'PumpAccel': None, 'SetRotSpd': None, 'ActualSpd': None, 'DrvCurrent': None, 'OpHrsPump': None, 'FwVersion': None, 'DrvVoltage': None, 'OpHrsElec': None, 'NominalSpd': None, 'DrvPower': None, 'PumpCylces': None, 'TempElec': None, 'TempPmpBot': None, 'AccelDecel': None, 'TempBearng': None, 'TempMotor': None, 'ElecName': '', 'HWVersion': None, 'ErrHist1': '', 'ErrHist2': '', 'ErrHist3': '', 'ErrHist4': '', 'ErrHist5': '', 'ErrHist6': '', 'ErrHist7': '', 'ErrHist8': '', 'ErrHist9': '', 'ErrHist10': ''}]
2026-03-09 15:33:54,036 - main [ERROR]: Error occurred:
Traceback (most recent call last):
  File "/home/pi/osakainfo/main.py", line 105, in main
    text += "\nActual Turbo Rotation: ".ljust(ljust_value) + f"{ups_data['ActualSpd']:5}" + " rpm"
                                                             ^^^^^^^^^^^^^^^^^^^^^^^^^^^^
TypeError: unsupported format string passed to NoneType.__format__
2026-03-09 15:35:29,601 - main [INFO]: Starting Osaka MicroGRAMS Slack Info Bot
2026-03-09 15:35:29,601 - main [INFO]: Text push duration set to 600 seconds
2026-03-09 15:35:29,601 - main [INFO]: Image push duration set to 600 seconds
2026-03-09 15:35:29,601 - main [INFO]: host: 127.0.0.1, user: root
2026-03-09 15:35:29,601 - slack [INFO]: Initialized SlackHandler
2026-03-09 15:35:29,903 - slack [INFO]: Slack auth test successful
2026-03-09 15:35:30,507 - slack [INFO]: Authenticated as user: worldviewslowcontrol in team: ['GRAMS']

2026-03-09 15:35:30,510 - mysql [DEBUG]: MySQL query response: [{'id': 1315782, 'time': datetime.datetime(2026, 1, 22, 0, 41, 53), 'PR1': Decimal('11.300000000000'), 'PR2': Decimal('0.500000000000'), 'PR3': Decimal('749.000000000000'), 'PR4': Decimal('748.900000000000'), 'PR5': Decimal('0E-12')}]
2026-03-09 15:35:30,510 - mysql [DEBUG]: MySQL query response: [{'id': 347923, 'time': datetime.datetime(2026, 1, 22, 1, 1, 12), 'RemotePrio': None, 'SpdSwPtAtt': None, 'ErrorCode': '', 'OvTempElec': None, 'OvTempPump': None, 'SetSpdAtt': None, 'PumpAccel': None, 'SetRotSpd': None, 'ActualSpd': None, 'DrvCurrent': None, 'OpHrsPump': None, 'FwVersion': None, 'DrvVoltage': None, 'OpHrsElec': None, 'NominalSpd': None, 'DrvPower': None, 'PumpCylces': None, 'TempElec': None, 'TempPmpBot': None, 'AccelDecel': None, 'TempBearng': None, 'TempMotor': None, 'ElecName': '', 'HWVersion': None, 'ErrHist1': '', 'ErrHist2': '', 'ErrHist3': '', 'ErrHist4': '', 'ErrHist5': '', 'ErrHist6': '', 'ErrHist7': '', 'ErrHist8': '', 'ErrHist9': '', 'ErrHist10': ''}]
2026-03-09 15:35:30,511 - main [ERROR]: Error occurred:
Traceback (most recent call last):
  File "/home/pi/osakainfo/main.py", line 105, in main
    text += "\nActual Turbo Rotation: ".ljust(ljust_value) + f"{ups_data['ActualSpd']:5}" + " rpm"
                                                             ^^^^^^^^^^^^^^^^^^^^^^^^^^^^
TypeError: unsupported format string passed to NoneType.__format__
2026-03-09 15:35:35,512 - mysql [DEBUG]: MySQL query response: [{'id': 1315782, 'time': datetime.datetime(2026, 1, 22, 0, 41, 53), 'PR1': Decimal('11.300000000000'), 'PR2': Decimal('0.500000000000'), 'PR3': Decimal('749.000000000000'), 'PR4': Decimal('748.900000000000'), 'PR5': Decimal('0E-12')}]
2026-03-09 15:35:35,513 - mysql [DEBUG]: MySQL query response: [{'id': 347923, 'time': datetime.datetime(2026, 1, 22, 1, 1, 12), 'RemotePrio': None, 'SpdSwPtAtt': None, 'ErrorCode': '', 'OvTempElec': None, 'OvTempPump': None, 'SetSpdAtt': None, 'PumpAccel': None, 'SetRotSpd': None, 'ActualSpd': None, 'DrvCurrent': None, 'OpHrsPump': None, 'FwVersion': None, 'DrvVoltage': None, 'OpHrsElec': None, 'NominalSpd': None, 'DrvPower': None, 'PumpCylces': None, 'TempElec': None, 'TempPmpBot': None, 'AccelDecel': None, 'TempBearng': None, 'TempMotor': None, 'ElecName': '', 'HWVersion': None, 'ErrHist1': '', 'ErrHist2': '', 'ErrHist3': '', 'ErrHist4': '', 'ErrHist5': '', 'ErrHist6': '', 'ErrHist7': '', 'ErrHist8': '', 'ErrHist9': '', 'ErrHist10': ''}]
2026-03-09 15:35:35,513 - main [ERROR]: Error occurred:
Traceback (most recent call last):
  File "/home/pi/osakainfo/main.py", line 105, in main
    text += "\nActual Turbo Rotation: ".ljust(ljust_value) + f"{ups_data['ActualSpd']:5}" + " rpm"
                                                             ^^^^^^^^^^^^^^^^^^^^^^^^^^^^
TypeError: unsupported format string passed to NoneType.__format__
2026-03-09 15:40:12,872 - main [INFO]: Starting Osaka MicroGRAMS Slack Info Bot
2026-03-09 15:40:12,873 - main [INFO]: Text push duration set to 600 seconds
2026-03-09 15:40:12,873 - main [INFO]: Image push duration set to 600 seconds
2026-03-09 15:40:12,873 - main [INFO]: host: 127.0.0.1, user: root
2026-03-09 15:40:12,873 - slack [INFO]: Initialized SlackHandler
2026-03-09 15:40:13,169 - slack [INFO]: Slack auth test successful
2026-03-09 15:40:13,778 - slack [INFO]: Authenticated as user: worldviewslowcontrol in team: ['GRAMS']

2026-03-09 15:40:13,780 - mysql [DEBUG]: MySQL query response: [{'id': 1315782, 'time': datetime.datetime(2026, 1, 22, 0, 41, 53), 'PR1': Decimal('11.300000000000'), 'PR2': Decimal('0.500000000000'), 'PR3': Decimal('749.000000000000'), 'PR4': Decimal('748.900000000000'), 'PR5': Decimal('0E-12')}]
2026-03-09 15:40:13,781 - mysql [DEBUG]: MySQL query response: [{'id': 347923, 'time': datetime.datetime(2026, 1, 22, 1, 1, 12), 'RemotePrio': None, 'SpdSwPtAtt': None, 'ErrorCode': '', 'OvTempElec': None, 'OvTempPump': None, 'SetSpdAtt': None, 'PumpAccel': None, 'SetRotSpd': None, 'ActualSpd': None, 'DrvCurrent': None, 'OpHrsPump': None, 'FwVersion': None, 'DrvVoltage': None, 'OpHrsElec': None, 'NominalSpd': None, 'DrvPower': None, 'PumpCylces': None, 'TempElec': None, 'TempPmpBot': None, 'AccelDecel': None, 'TempBearng': None, 'TempMotor': None, 'ElecName': '', 'HWVersion': None, 'ErrHist1': '', 'ErrHist2': '', 'ErrHist3': '', 'ErrHist4': '', 'ErrHist5': '', 'ErrHist6': '', 'ErrHist7': '', 'ErrHist8': '', 'ErrHist9': '', 'ErrHist10': ''}]
2026-03-09 15:40:13,781 - main [ERROR]: Error occurred:
Traceback (most recent call last):
  File "/home/pi/osakainfo/main.py", line 107, in main
    text += "\nTemperature Pump Bottom Part: ".ljust(ljust_value) + f"{ups_data['TempPmpBot']:5}" + " °C"
                                                                    ^^^^^^^^^^^^^^^^^^^^^^^^^^^^^
TypeError: unsupported format string passed to NoneType.__format__
2026-03-09 15:40:18,783 - mysql [DEBUG]: MySQL query response: [{'id': 1315782, 'time': datetime.datetime(2026, 1, 22, 0, 41, 53), 'PR1': Decimal('11.300000000000'), 'PR2': Decimal('0.500000000000'), 'PR3': Decimal('749.000000000000'), 'PR4': Decimal('748.900000000000'), 'PR5': Decimal('0E-12')}]
2026-03-09 15:40:18,783 - mysql [DEBUG]: MySQL query response: [{'id': 347923, 'time': datetime.datetime(2026, 1, 22, 1, 1, 12), 'RemotePrio': None, 'SpdSwPtAtt': None, 'ErrorCode': '', 'OvTempElec': None, 'OvTempPump': None, 'SetSpdAtt': None, 'PumpAccel': None, 'SetRotSpd': None, 'ActualSpd': None, 'DrvCurrent': None, 'OpHrsPump': None, 'FwVersion': None, 'DrvVoltage': None, 'OpHrsElec': None, 'NominalSpd': None, 'DrvPower': None, 'PumpCylces': None, 'TempElec': None, 'TempPmpBot': None, 'AccelDecel': None, 'TempBearng': None, 'TempMotor': None, 'ElecName': '', 'HWVersion': None, 'ErrHist1': '', 'ErrHist2': '', 'ErrHist3': '', 'ErrHist4': '', 'ErrHist5': '', 'ErrHist6': '', 'ErrHist7': '', 'ErrHist8': '', 'ErrHist9': '', 'ErrHist10': ''}]
2026-03-09 15:40:18,784 - main [ERROR]: Error occurred:
Traceback (most recent call last):
  File "/home/pi/osakainfo/main.py", line 107, in main
    text += "\nTemperature Pump Bottom Part: ".ljust(ljust_value) + f"{ups_data['TempPmpBot']:5}" + " °C"
                                                                    ^^^^^^^^^^^^^^^^^^^^^^^^^^^^^
TypeError: unsupported format string passed to NoneType.__format__
2026-03-09 15:42:47,514 - main [INFO]: Starting Osaka MicroGRAMS Slack Info Bot
2026-03-09 15:42:47,514 - main [INFO]: Text push duration set to 600 seconds
2026-03-09 15:42:47,514 - main [INFO]: Image push duration set to 600 seconds
2026-03-09 15:42:47,514 - main [INFO]: host: 127.0.0.1, user: root
2026-03-09 15:42:47,514 - slack [INFO]: Initialized SlackHandler
2026-03-09 15:42:47,803 - slack [INFO]: Slack auth test successful
2026-03-09 15:42:48,401 - slack [INFO]: Authenticated as user: worldviewslowcontrol in team: ['GRAMS']

2026-03-09 15:42:48,404 - mysql [DEBUG]: MySQL query response: [{'id': 1315782, 'time': datetime.datetime(2026, 1, 22, 0, 41, 53), 'PR1': Decimal('11.300000000000'), 'PR2': Decimal('0.500000000000'), 'PR3': Decimal('749.000000000000'), 'PR4': Decimal('748.900000000000'), 'PR5': Decimal('0E-12')}]
2026-03-09 15:42:48,404 - mysql [DEBUG]: MySQL query response: [{'id': 347923, 'time': datetime.datetime(2026, 1, 22, 1, 1, 12), 'RemotePrio': None, 'SpdSwPtAtt': None, 'ErrorCode': '', 'OvTempElec': None, 'OvTempPump': None, 'SetSpdAtt': None, 'PumpAccel': None, 'SetRotSpd': None, 'ActualSpd': None, 'DrvCurrent': None, 'OpHrsPump': None, 'FwVersion': None, 'DrvVoltage': None, 'OpHrsElec': None, 'NominalSpd': None, 'DrvPower': None, 'PumpCylces': None, 'TempElec': None, 'TempPmpBot': None, 'AccelDecel': None, 'TempBearng': None, 'TempMotor': None, 'ElecName': '', 'HWVersion': None, 'ErrHist1': '', 'ErrHist2': '', 'ErrHist3': '', 'ErrHist4': '', 'ErrHist5': '', 'ErrHist6': '', 'ErrHist7': '', 'ErrHist8': '', 'ErrHist9': '', 'ErrHist10': ''}]
2026-03-09 15:42:48,404 - slack [INFO]: Sending block message to channel #worldview_slow_control
2026-03-09 15:42:48,405 - slack [DEBUG]: Sending block message to channel #worldview_slow_control: [{'type': 'header', 'text': {'type': 'plain_text', 'text': 'Current Worldview MicroGRAMS Status (2026-03-09 15:42:48 JST)'}}, {'type': 'context', 'elements': [{'type': 'mrkdwn', 'text': '```_____Pressure(2026-01-22 14:41:53 JST)_____\nPressure 1: 1.1300e+1 Torr, 1.5065e+03 Pa\nPressure 2: 5.0000e-1 Torr, 6.6661e+01 Pa\nPressure 3: 7.4900e+2 Torr, 9.9858e+04 Pa\nPressure 4: 7.4890e+2 Torr, 9.9845e+04 Pa\nPressure 5: 0.0000e-8 Torr, 0.0000e+00 Pa\n___________________________________________\n\n______Turbo(2026-01-22 15:01:12 JST)______\nActual Turbo Rotation:             0 rpm\nTemperature Pump Bottom Part:      0 °C\nTemperature Motor:                 0 °C\nTemperature Electric:              0 °C\nTemperature Bearing:               0 °C\n___________________________________________\n```'}]}]
2026-03-09 15:42:48,789 - slack [DEBUG]: Slack API response: {'ok': True, 'channel': 'C0AKLJCJYUU', 'ts': '1773085368.703229', 'message': {'user': 'U0AKDJ0LCF7', 'type': 'message', 'ts': '1773085368.703229', 'bot_id': 'B0ALB8ZHA56', 'app_id': 'A0AKEUYUJ1L', 'text': 'Current Worldview MicroGRAMS Status (2026-03-09 15:42:48 JST) _____Pressure(2026-01-22 14:41:53 JST)_____ Pressure 1: 1.1300e+1 Torr, 1.5065e+03 Pa Pressure 2: 5.0000e-1 Torr, 6.6661e+01 Pa Pressure 3: 7.4900e+2 Torr, 9.9858e+04 Pa Pressure 4: 7.4890e+2 Torr, 9.9845e+04 Pa Pressure 5: 0.0000e-8 Torr, 0.0000e+00 Pa ___________________________________________  ______Turbo(2026-01-22 15:01:12 JST)______ Actual Turbo Rotation:             0 rpm Temperature Pump Bottom Part:      0 °C Temperature Motor:                 0 °C Temperature Electric:              0 °C Temperature Bearing:               0 °C ___________________________________________ ', 'team': 'TM6Q2L2GZ', 'bot_profile': {'id': 'B0ALB8ZHA56', 'app_id': 'A0AKEUYUJ1L', 'user_id': 'U0AKDJ0LCF7', 'name': 'worldview_slow_control', 'icons': {'image_36': 'https://a.slack-edge.com/80588/img/plugins/app/bot_36.png', 'image_48': 'https://a.slack-edge.com/80588/img/plugins/app/bot_48.png', 'image_72': 'https://a.slack-edge.com/80588/img/plugins/app/service_72.png'}, 'deleted': False, 'updated': 1773084018, 'team_id': 'TM6Q2L2GZ'}, 'blocks': [{'type': 'header', 'block_id': 'kp+vu', 'text': {'type': 'plain_text', 'text': 'Current Worldview MicroGRAMS Status (2026-03-09 15:42:48 JST)', 'emoji': True}}, {'type': 'context', 'block_id': 'Jm0mi', 'elements': [{'type': 'mrkdwn', 'text': '```_____Pressure(2026-01-22 14:41:53 JST)_____\nPressure 1: 1.1300e+1 Torr, 1.5065e+03 Pa\nPressure 2: 5.0000e-1 Torr, 6.6661e+01 Pa\nPressure 3: 7.4900e+2 Torr, 9.9858e+04 Pa\nPressure 4: 7.4890e+2 Torr, 9.9845e+04 Pa\nPressure 5: 0.0000e-8 Torr, 0.0000e+00 Pa\n___________________________________________\n\n______Turbo(2026-01-22 15:01:12 JST)______\nActual Turbo Rotation:             0 rpm\nTemperature Pump Bottom Part:      0 °C\nTemperature Motor:                 0 °C\nTemperature Electric:              0 °C\nTemperature Bearing:               0 °C\n___________________________________________\n```', 'verbatim': False}]}]}}
2026-03-09 15:42:49,303 - main [ERROR]: Error occurred:
Traceback (most recent call last):
  File "/home/pi/osakainfo/main.py", line 119, in main
    result = make_screenshot_and_push_to_slack(slack_handler, channel, thread_ts=last_ts)
             ^^^^^^^^^^^^^^^^^^^^^^^^^^^^^^^^^^^^^^^^^^^^^^^^^^^^^^^^^^^^^^^^^^^^^^^^^^^^
  File "/home/pi/osakainfo/main.py", line 32, in make_screenshot_and_push_to_slack
    make_screenshot(screenshot_path)
  File "/home/pi/osakainfo/screenshot.py", line 13, in make_screenshot
    browser = p.chromium.launch(headless=True)
              ^^^^^^^^^^^^^^^^^^^^^^^^^^^^^^^^
  File "/home/pi/.local/lib/python3.11/site-packages/playwright/sync_api/_generated.py", line 14566, in launch
    self._sync(
  File "/home/pi/.local/lib/python3.11/site-packages/playwright/_impl/_sync_base.py", line 115, in _sync
    return task.result()
           ^^^^^^^^^^^^^
  File "/home/pi/.local/lib/python3.11/site-packages/playwright/_impl/_browser_type.py", line 97, in launch
    await self._channel.send(
  File "/home/pi/.local/lib/python3.11/site-packages/playwright/_impl/_connection.py", line 69, in send
    return await self._connection.wrap_api_call(
           ^^^^^^^^^^^^^^^^^^^^^^^^^^^^^^^^^^^^^
  File "/home/pi/.local/lib/python3.11/site-packages/playwright/_impl/_connection.py", line 559, in wrap_api_call
    raise rewrite_error(error, f"{parsed_st['apiName']}: {error}") from None
playwright._impl._errors.Error: BrowserType.launch: Executable doesn't exist at /home/pi/.cache/ms-playwright/chromium_headless_shell-1208/chrome-linux/headless_shell
╔════════════════════════════════════════════════════════════╗
║ Looks like Playwright was just installed or updated.       ║
║ Please run the following command to download new browsers: ║
║                                                            ║
║     playwright install                                     ║
║                                                            ║
║ <3 Playwright Team                                         ║
╚════════════════════════════════════════════════════════════╝
2026-03-09 15:42:54,305 - mysql [DEBUG]: MySQL query response: [{'id': 1315782, 'time': datetime.datetime(2026, 1, 22, 0, 41, 53), 'PR1': Decimal('11.300000000000'), 'PR2': Decimal('0.500000000000'), 'PR3': Decimal('749.000000000000'), 'PR4': Decimal('748.900000000000'), 'PR5': Decimal('0E-12')}]
2026-03-09 15:42:54,306 - mysql [DEBUG]: MySQL query response: [{'id': 347923, 'time': datetime.datetime(2026, 1, 22, 1, 1, 12), 'RemotePrio': None, 'SpdSwPtAtt': None, 'ErrorCode': '', 'OvTempElec': None, 'OvTempPump': None, 'SetSpdAtt': None, 'PumpAccel': None, 'SetRotSpd': None, 'ActualSpd': None, 'DrvCurrent': None, 'OpHrsPump': None, 'FwVersion': None, 'DrvVoltage': None, 'OpHrsElec': None, 'NominalSpd': None, 'DrvPower': None, 'PumpCylces': None, 'TempElec': None, 'TempPmpBot': None, 'AccelDecel': None, 'TempBearng': None, 'TempMotor': None, 'ElecName': '', 'HWVersion': None, 'ErrHist1': '', 'ErrHist2': '', 'ErrHist3': '', 'ErrHist4': '', 'ErrHist5': '', 'ErrHist6': '', 'ErrHist7': '', 'ErrHist8': '', 'ErrHist9': '', 'ErrHist10': ''}]
2026-03-09 15:42:54,306 - slack [INFO]: Editing block message in channel C0AKLJCJYUU with ts 1773085368.703229
2026-03-09 15:42:54,704 - slack [DEBUG]: Slack API response: {'ok': True, 'channel': 'C0AKLJCJYUU', 'ts': '1773085368.703229', 'text': '_____Pressure(2026-01-22 14:41:53 JST)_____ Pressure 1: 1.1300e+1 Torr, 1.5065e+03 Pa Pressure 2: 5.0000e-1 Torr, 6.6661e+01 Pa Pressure 3: 7.4900e+2 Torr, 9.9858e+04 Pa Pressure 4: 7.4890e+2 Torr, 9.9845e+04 Pa Pressure 5: 0.0000e-8 Torr, 0.0000e+00 Pa ___________________________________________  ______Turbo(2026-01-22 15:01:12 JST)______ Actual Turbo Rotation:             0 rpm Temperature Pump Bottom Part:      0 °C Temperature Motor:                 0 °C Temperature Electric:              0 °C Temperature Bearing:               0 °C ___________________________________________ ', 'message': {'user': 'U0AKDJ0LCF7', 'type': 'message', 'edited': {'user': 'B0ALB8ZHA56', 'ts': '1773085374.000000'}, 'bot_id': 'B0ALB8ZHA56', 'app_id': 'A0AKEUYUJ1L', 'text': '_____Pressure(2026-01-22 14:41:53 JST)_____ Pressure 1: 1.1300e+1 Torr, 1.5065e+03 Pa Pressure 2: 5.0000e-1 Torr, 6.6661e+01 Pa Pressure 3: 7.4900e+2 Torr, 9.9858e+04 Pa Pressure 4: 7.4890e+2 Torr, 9.9845e+04 Pa Pressure 5: 0.0000e-8 Torr, 0.0000e+00 Pa ___________________________________________  ______Turbo(2026-01-22 15:01:12 JST)______ Actual Turbo Rotation:             0 rpm Temperature Pump Bottom Part:      0 °C Temperature Motor:                 0 °C Temperature Electric:              0 °C Temperature Bearing:               0 °C ___________________________________________ ', 'team': 'TM6Q2L2GZ', 'bot_profile': {'id': 'B0ALB8ZHA56', 'app_id': 'A0AKEUYUJ1L', 'user_id': 'U0AKDJ0LCF7', 'name': 'worldview_slow_control', 'icons': {'image_36': 'https://a.slack-edge.com/80588/img/plugins/app/bot_36.png', 'image_48': 'https://a.slack-edge.com/80588/img/plugins/app/bot_48.png', 'image_72': 'https://a.slack-edge.com/80588/img/plugins/app/service_72.png'}, 'deleted': False, 'updated': 1773084018, 'team_id': 'TM6Q2L2GZ'}, 'blocks': [{'type': 'header', 'block_id': 'FhA9Z', 'text': {'type': 'plain_text', 'text': 'Current Worldview MicroGRAMS Status (2026-03-09 15:42:54 JST)', 'emoji': True}}, {'type': 'context', 'block_id': 'VSdK3', 'elements': [{'type': 'mrkdwn', 'text': '```_____Pressure(2026-01-22 14:41:53 JST)_____\nPressure 1: 1.1300e+1 Torr, 1.5065e+03 Pa\nPressure 2: 5.0000e-1 Torr, 6.6661e+01 Pa\nPressure 3: 7.4900e+2 Torr, 9.9858e+04 Pa\nPressure 4: 7.4890e+2 Torr, 9.9845e+04 Pa\nPressure 5: 0.0000e-8 Torr, 0.0000e+00 Pa\n___________________________________________\n\n______Turbo(2026-01-22 15:01:12 JST)______\nActual Turbo Rotation:             0 rpm\nTemperature Pump Bottom Part:      0 °C\nTemperature Motor:                 0 °C\nTemperature Electric:              0 °C\nTemperature Bearing:               0 °C\n___________________________________________\n```', 'verbatim': False}]}]}}
2026-03-09 15:44:32,132 - main [INFO]: Starting Osaka MicroGRAMS Slack Info Bot
2026-03-09 15:44:32,133 - main [INFO]: Text push duration set to 600 seconds
2026-03-09 15:44:32,133 - main [INFO]: Image push duration set to 600 seconds
2026-03-09 15:44:32,133 - main [INFO]: host: 127.0.0.1, user: root
2026-03-09 15:44:32,133 - slack [INFO]: Initialized SlackHandler
2026-03-09 15:44:32,443 - slack [INFO]: Slack auth test successful
2026-03-09 15:44:33,043 - slack [INFO]: Authenticated as user: worldviewslowcontrol in team: ['GRAMS']

2026-03-09 15:44:33,045 - mysql [DEBUG]: MySQL query response: [{'id': 1315782, 'time': datetime.datetime(2026, 1, 22, 0, 41, 53), 'PR1': Decimal('11.300000000000'), 'PR2': Decimal('0.500000000000'), 'PR3': Decimal('749.000000000000'), 'PR4': Decimal('748.900000000000'), 'PR5': Decimal('0E-12')}]
2026-03-09 15:44:33,046 - mysql [DEBUG]: MySQL query response: [{'id': 347923, 'time': datetime.datetime(2026, 1, 22, 1, 1, 12), 'RemotePrio': None, 'SpdSwPtAtt': None, 'ErrorCode': '', 'OvTempElec': None, 'OvTempPump': None, 'SetSpdAtt': None, 'PumpAccel': None, 'SetRotSpd': None, 'ActualSpd': None, 'DrvCurrent': None, 'OpHrsPump': None, 'FwVersion': None, 'DrvVoltage': None, 'OpHrsElec': None, 'NominalSpd': None, 'DrvPower': None, 'PumpCylces': None, 'TempElec': None, 'TempPmpBot': None, 'AccelDecel': None, 'TempBearng': None, 'TempMotor': None, 'ElecName': '', 'HWVersion': None, 'ErrHist1': '', 'ErrHist2': '', 'ErrHist3': '', 'ErrHist4': '', 'ErrHist5': '', 'ErrHist6': '', 'ErrHist7': '', 'ErrHist8': '', 'ErrHist9': '', 'ErrHist10': ''}]
2026-03-09 15:44:33,046 - slack [INFO]: Sending block message to channel #worldview_slow_control
2026-03-09 15:44:33,046 - slack [DEBUG]: Sending block message to channel #worldview_slow_control: [{'type': 'header', 'text': {'type': 'plain_text', 'text': 'Current Worldview MicroGRAMS Status (2026-03-09 15:44:33 JST)'}}, {'type': 'context', 'elements': [{'type': 'mrkdwn', 'text': '```_____Pressure(2026-01-22 14:41:53 JST)_____\nPressure 1: 1.1300e+1 Torr, 1.5065e+03 Pa\nPressure 2: 5.0000e-1 Torr, 6.6661e+01 Pa\nPressure 3: 7.4900e+2 Torr, 9.9858e+04 Pa\nPressure 4: 7.4890e+2 Torr, 9.9845e+04 Pa\nPressure 5: 0.0000e-8 Torr, 0.0000e+00 Pa\n___________________________________________\n\n______Turbo(2026-01-22 15:01:12 JST)______\nActual Turbo Rotation:             0 rpm\nTemperature Pump Bottom Part:      0 °C\nTemperature Motor:                 0 °C\nTemperature Electric:              0 °C\nTemperature Bearing:               0 °C\n___________________________________________\n```'}]}]
2026-03-09 15:44:33,401 - slack [DEBUG]: Slack API response: {'ok': True, 'channel': 'C0AKLJCJYUU', 'ts': '1773085473.321789', 'message': {'user': 'U0AKDJ0LCF7', 'type': 'message', 'ts': '1773085473.321789', 'bot_id': 'B0ALB8ZHA56', 'app_id': 'A0AKEUYUJ1L', 'text': 'Current Worldview MicroGRAMS Status (2026-03-09 15:44:33 JST) _____Pressure(2026-01-22 14:41:53 JST)_____ Pressure 1: 1.1300e+1 Torr, 1.5065e+03 Pa Pressure 2: 5.0000e-1 Torr, 6.6661e+01 Pa Pressure 3: 7.4900e+2 Torr, 9.9858e+04 Pa Pressure 4: 7.4890e+2 Torr, 9.9845e+04 Pa Pressure 5: 0.0000e-8 Torr, 0.0000e+00 Pa ___________________________________________  ______Turbo(2026-01-22 15:01:12 JST)______ Actual Turbo Rotation:             0 rpm Temperature Pump Bottom Part:      0 °C Temperature Motor:                 0 °C Temperature Electric:              0 °C Temperature Bearing:               0 °C ___________________________________________ ', 'team': 'TM6Q2L2GZ', 'bot_profile': {'id': 'B0ALB8ZHA56', 'app_id': 'A0AKEUYUJ1L', 'user_id': 'U0AKDJ0LCF7', 'name': 'worldview_slow_control', 'icons': {'image_36': 'https://a.slack-edge.com/80588/img/plugins/app/bot_36.png', 'image_48': 'https://a.slack-edge.com/80588/img/plugins/app/bot_48.png', 'image_72': 'https://a.slack-edge.com/80588/img/plugins/app/service_72.png'}, 'deleted': False, 'updated': 1773084018, 'team_id': 'TM6Q2L2GZ'}, 'blocks': [{'type': 'header', 'block_id': 'uLxRa', 'text': {'type': 'plain_text', 'text': 'Current Worldview MicroGRAMS Status (2026-03-09 15:44:33 JST)', 'emoji': True}}, {'type': 'context', 'block_id': 'm8Fbz', 'elements': [{'type': 'mrkdwn', 'text': '```_____Pressure(2026-01-22 14:41:53 JST)_____\nPressure 1: 1.1300e+1 Torr, 1.5065e+03 Pa\nPressure 2: 5.0000e-1 Torr, 6.6661e+01 Pa\nPressure 3: 7.4900e+2 Torr, 9.9858e+04 Pa\nPressure 4: 7.4890e+2 Torr, 9.9845e+04 Pa\nPressure 5: 0.0000e-8 Torr, 0.0000e+00 Pa\n___________________________________________\n\n______Turbo(2026-01-22 15:01:12 JST)______\nActual Turbo Rotation:             0 rpm\nTemperature Pump Bottom Part:      0 °C\nTemperature Motor:                 0 °C\nTemperature Electric:              0 °C\nTemperature Bearing:               0 °C\n___________________________________________\n```', 'verbatim': False}]}]}}
2026-03-09 15:49:02,937 - main [INFO]: Starting Osaka MicroGRAMS Slack Info Bot
2026-03-09 15:49:02,937 - main [INFO]: Text push duration set to 600 seconds
2026-03-09 15:49:02,937 - main [INFO]: Image push duration set to 600 seconds
2026-03-09 15:49:02,938 - main [INFO]: host: 127.0.0.1, user: root
2026-03-09 15:49:02,938 - slack [INFO]: Initialized SlackHandler
2026-03-09 15:49:03,253 - slack [INFO]: Slack auth test successful
2026-03-09 15:49:03,837 - slack [INFO]: Authenticated as user: worldviewslowcontrol in team: ['GRAMS']

2026-03-09 15:49:03,840 - mysql [DEBUG]: MySQL query response: [{'id': 1315782, 'time': datetime.datetime(2026, 1, 22, 0, 41, 53), 'PR1': Decimal('11.300000000000'), 'PR2': Decimal('0.500000000000'), 'PR3': Decimal('749.000000000000'), 'PR4': Decimal('748.900000000000'), 'PR5': Decimal('0E-12')}]
2026-03-09 15:49:03,841 - mysql [DEBUG]: MySQL query response: [{'id': 347923, 'time': datetime.datetime(2026, 1, 22, 1, 1, 12), 'RemotePrio': None, 'SpdSwPtAtt': None, 'ErrorCode': '', 'OvTempElec': None, 'OvTempPump': None, 'SetSpdAtt': None, 'PumpAccel': None, 'SetRotSpd': None, 'ActualSpd': None, 'DrvCurrent': None, 'OpHrsPump': None, 'FwVersion': None, 'DrvVoltage': None, 'OpHrsElec': None, 'NominalSpd': None, 'DrvPower': None, 'PumpCylces': None, 'TempElec': None, 'TempPmpBot': None, 'AccelDecel': None, 'TempBearng': None, 'TempMotor': None, 'ElecName': '', 'HWVersion': None, 'ErrHist1': '', 'ErrHist2': '', 'ErrHist3': '', 'ErrHist4': '', 'ErrHist5': '', 'ErrHist6': '', 'ErrHist7': '', 'ErrHist8': '', 'ErrHist9': '', 'ErrHist10': ''}]
2026-03-09 15:49:03,841 - slack [INFO]: Sending block message to channel #worldview_slow_control
2026-03-09 15:49:03,841 - slack [DEBUG]: Sending block message to channel #worldview_slow_control: [{'type': 'header', 'text': {'type': 'plain_text', 'text': 'Current Worldview MicroGRAMS Status (2026-03-09 15:49:03 JST)'}}, {'type': 'context', 'elements': [{'type': 'mrkdwn', 'text': '```_____Pressure(2026-01-22 14:41:53 JST)_____\nPressure 1: 1.1300e+1 Torr, 1.5065e+03 Pa\nPressure 2: 5.0000e-1 Torr, 6.6661e+01 Pa\nPressure 3: 7.4900e+2 Torr, 9.9858e+04 Pa\nPressure 4: 7.4890e+2 Torr, 9.9845e+04 Pa\nPressure 5: 0.0000e-8 Torr, 0.0000e+00 Pa\n___________________________________________\n\n______Turbo(2026-01-22 15:01:12 JST)______\nActual Turbo Rotation:             0 rpm\nTemperature Pump Bottom Part:      0 °C\nTemperature Motor:                 0 °C\nTemperature Electric:              0 °C\nTemperature Bearing:               0 °C\n___________________________________________\n```'}]}]
2026-03-09 15:49:04,203 - slack [DEBUG]: Slack API response: {'ok': True, 'channel': 'C0AKLJCJYUU', 'ts': '1773085744.123209', 'message': {'user': 'U0AKDJ0LCF7', 'type': 'message', 'ts': '1773085744.123209', 'bot_id': 'B0ALB8ZHA56', 'app_id': 'A0AKEUYUJ1L', 'text': 'Current Worldview MicroGRAMS Status (2026-03-09 15:49:03 JST) _____Pressure(2026-01-22 14:41:53 JST)_____ Pressure 1: 1.1300e+1 Torr, 1.5065e+03 Pa Pressure 2: 5.0000e-1 Torr, 6.6661e+01 Pa Pressure 3: 7.4900e+2 Torr, 9.9858e+04 Pa Pressure 4: 7.4890e+2 Torr, 9.9845e+04 Pa Pressure 5: 0.0000e-8 Torr, 0.0000e+00 Pa ___________________________________________  ______Turbo(2026-01-22 15:01:12 JST)______ Actual Turbo Rotation:             0 rpm Temperature Pump Bottom Part:      0 °C Temperature Motor:                 0 °C Temperature Electric:              0 °C Temperature Bearing:               0 °C ___________________________________________ ', 'team': 'TM6Q2L2GZ', 'bot_profile': {'id': 'B0ALB8ZHA56', 'app_id': 'A0AKEUYUJ1L', 'user_id': 'U0AKDJ0LCF7', 'name': 'worldview_slow_control', 'icons': {'image_36': 'https://a.slack-edge.com/80588/img/plugins/app/bot_36.png', 'image_48': 'https://a.slack-edge.com/80588/img/plugins/app/bot_48.png', 'image_72': 'https://a.slack-edge.com/80588/img/plugins/app/service_72.png'}, 'deleted': False, 'updated': 1773084018, 'team_id': 'TM6Q2L2GZ'}, 'blocks': [{'type': 'header', 'block_id': 'qPuGj', 'text': {'type': 'plain_text', 'text': 'Current Worldview MicroGRAMS Status (2026-03-09 15:49:03 JST)', 'emoji': True}}, {'type': 'context', 'block_id': 'ih0P1', 'elements': [{'type': 'mrkdwn', 'text': '```_____Pressure(2026-01-22 14:41:53 JST)_____\nPressure 1: 1.1300e+1 Torr, 1.5065e+03 Pa\nPressure 2: 5.0000e-1 Torr, 6.6661e+01 Pa\nPressure 3: 7.4900e+2 Torr, 9.9858e+04 Pa\nPressure 4: 7.4890e+2 Torr, 9.9845e+04 Pa\nPressure 5: 0.0000e-8 Torr, 0.0000e+00 Pa\n___________________________________________\n\n______Turbo(2026-01-22 15:01:12 JST)______\nActual Turbo Rotation:             0 rpm\nTemperature Pump Bottom Part:      0 °C\nTemperature Motor:                 0 °C\nTemperature Electric:              0 °C\nTemperature Bearing:               0 °C\n___________________________________________\n```', 'verbatim': False}]}]}}
2026-03-09 15:49:05,870 - main [ERROR]: Error occurred:
Traceback (most recent call last):
  File "/home/pi/osakainfo/main.py", line 119, in main
    result = make_screenshot_and_push_to_slack(slack_handler, channel, thread_ts=last_ts)
             ^^^^^^^^^^^^^^^^^^^^^^^^^^^^^^^^^^^^^^^^^^^^^^^^^^^^^^^^^^^^^^^^^^^^^^^^^^^^
  File "/home/pi/osakainfo/main.py", line 32, in make_screenshot_and_push_to_slack
    make_screenshot(screenshot_path)
  File "/home/pi/osakainfo/screenshot.py", line 16, in make_screenshot
    page.goto(GRAFANA_URL)
  File "/home/pi/.local/lib/python3.11/site-packages/playwright/sync_api/_generated.py", line 9054, in goto
    self._sync(
  File "/home/pi/.local/lib/python3.11/site-packages/playwright/_impl/_sync_base.py", line 115, in _sync
    return task.result()
           ^^^^^^^^^^^^^
  File "/home/pi/.local/lib/python3.11/site-packages/playwright/_impl/_page.py", line 552, in goto
    return await self._main_frame.goto(**locals_to_params(locals()))
                 ^^^^^^^^^^^^^^^^^^^^^^^^^^^^^^^^^^^^^^^^^^^^^^^^^^^
TypeError: Frame.goto() missing 1 required positional argument: 'url'
2026-03-09 15:49:10,872 - mysql [DEBUG]: MySQL query response: [{'id': 1315782, 'time': datetime.datetime(2026, 1, 22, 0, 41, 53), 'PR1': Decimal('11.300000000000'), 'PR2': Decimal('0.500000000000'), 'PR3': Decimal('749.000000000000'), 'PR4': Decimal('748.900000000000'), 'PR5': Decimal('0E-12')}]
2026-03-09 15:49:10,873 - mysql [DEBUG]: MySQL query response: [{'id': 347923, 'time': datetime.datetime(2026, 1, 22, 1, 1, 12), 'RemotePrio': None, 'SpdSwPtAtt': None, 'ErrorCode': '', 'OvTempElec': None, 'OvTempPump': None, 'SetSpdAtt': None, 'PumpAccel': None, 'SetRotSpd': None, 'ActualSpd': None, 'DrvCurrent': None, 'OpHrsPump': None, 'FwVersion': None, 'DrvVoltage': None, 'OpHrsElec': None, 'NominalSpd': None, 'DrvPower': None, 'PumpCylces': None, 'TempElec': None, 'TempPmpBot': None, 'AccelDecel': None, 'TempBearng': None, 'TempMotor': None, 'ElecName': '', 'HWVersion': None, 'ErrHist1': '', 'ErrHist2': '', 'ErrHist3': '', 'ErrHist4': '', 'ErrHist5': '', 'ErrHist6': '', 'ErrHist7': '', 'ErrHist8': '', 'ErrHist9': '', 'ErrHist10': ''}]
2026-03-09 15:49:10,873 - slack [INFO]: Editing block message in channel C0AKLJCJYUU with ts 1773085744.123209
2026-03-09 15:49:11,276 - slack [DEBUG]: Slack API response: {'ok': True, 'channel': 'C0AKLJCJYUU', 'ts': '1773085744.123209', 'text': '_____Pressure(2026-01-22 14:41:53 JST)_____ Pressure 1: 1.1300e+1 Torr, 1.5065e+03 Pa Pressure 2: 5.0000e-1 Torr, 6.6661e+01 Pa Pressure 3: 7.4900e+2 Torr, 9.9858e+04 Pa Pressure 4: 7.4890e+2 Torr, 9.9845e+04 Pa Pressure 5: 0.0000e-8 Torr, 0.0000e+00 Pa ___________________________________________  ______Turbo(2026-01-22 15:01:12 JST)______ Actual Turbo Rotation:             0 rpm Temperature Pump Bottom Part:      0 °C Temperature Motor:                 0 °C Temperature Electric:              0 °C Temperature Bearing:               0 °C ___________________________________________ ', 'message': {'user': 'U0AKDJ0LCF7', 'type': 'message', 'edited': {'user': 'B0ALB8ZHA56', 'ts': '1773085751.000000'}, 'bot_id': 'B0ALB8ZHA56', 'app_id': 'A0AKEUYUJ1L', 'text': '_____Pressure(2026-01-22 14:41:53 JST)_____ Pressure 1: 1.1300e+1 Torr, 1.5065e+03 Pa Pressure 2: 5.0000e-1 Torr, 6.6661e+01 Pa Pressure 3: 7.4900e+2 Torr, 9.9858e+04 Pa Pressure 4: 7.4890e+2 Torr, 9.9845e+04 Pa Pressure 5: 0.0000e-8 Torr, 0.0000e+00 Pa ___________________________________________  ______Turbo(2026-01-22 15:01:12 JST)______ Actual Turbo Rotation:             0 rpm Temperature Pump Bottom Part:      0 °C Temperature Motor:                 0 °C Temperature Electric:              0 °C Temperature Bearing:               0 °C ___________________________________________ ', 'team': 'TM6Q2L2GZ', 'bot_profile': {'id': 'B0ALB8ZHA56', 'app_id': 'A0AKEUYUJ1L', 'user_id': 'U0AKDJ0LCF7', 'name': 'worldview_slow_control', 'icons': {'image_36': 'https://a.slack-edge.com/80588/img/plugins/app/bot_36.png', 'image_48': 'https://a.slack-edge.com/80588/img/plugins/app/bot_48.png', 'image_72': 'https://a.slack-edge.com/80588/img/plugins/app/service_72.png'}, 'deleted': False, 'updated': 1773084018, 'team_id': 'TM6Q2L2GZ'}, 'blocks': [{'type': 'header', 'block_id': 'GKVy5', 'text': {'type': 'plain_text', 'text': 'Current Worldview MicroGRAMS Status (2026-03-09 15:49:10 JST)', 'emoji': True}}, {'type': 'context', 'block_id': 'kjqMS', 'elements': [{'type': 'mrkdwn', 'text': '```_____Pressure(2026-01-22 14:41:53 JST)_____\nPressure 1: 1.1300e+1 Torr, 1.5065e+03 Pa\nPressure 2: 5.0000e-1 Torr, 6.6661e+01 Pa\nPressure 3: 7.4900e+2 Torr, 9.9858e+04 Pa\nPressure 4: 7.4890e+2 Torr, 9.9845e+04 Pa\nPressure 5: 0.0000e-8 Torr, 0.0000e+00 Pa\n___________________________________________\n\n______Turbo(2026-01-22 15:01:12 JST)______\nActual Turbo Rotation:             0 rpm\nTemperature Pump Bottom Part:      0 °C\nTemperature Motor:                 0 °C\nTemperature Electric:              0 °C\nTemperature Bearing:               0 °C\n___________________________________________\n```', 'verbatim': False}]}]}}
2026-03-09 15:50:41,250 - main [INFO]: Starting Osaka MicroGRAMS Slack Info Bot
2026-03-09 15:50:41,250 - main [INFO]: Text push duration set to 600 seconds
2026-03-09 15:50:41,250 - main [INFO]: Image push duration set to 600 seconds
2026-03-09 15:50:41,250 - main [INFO]: host: 127.0.0.1, user: root
2026-03-09 15:50:41,250 - slack [INFO]: Initialized SlackHandler
2026-03-09 15:50:41,535 - slack [INFO]: Slack auth test successful
2026-03-09 15:50:42,169 - slack [INFO]: Authenticated as user: worldviewslowcontrol in team: ['GRAMS']

2026-03-09 15:50:42,171 - mysql [DEBUG]: MySQL query response: [{'id': 65317, 'time': datetime.datetime(2026, 3, 9, 15, 50, 38), 'PR1': Decimal('0.000010000000'), 'PR2': Decimal('691.000000000000'), 'PR3': Decimal('0.000003420000'), 'PR4': Decimal('0.000003416000'), 'PR5': Decimal('0.000003420000')}]
2026-03-09 15:50:42,172 - mysql [DEBUG]: MySQL query response: [{'id': 43675, 'time': datetime.datetime(2026, 3, 9, 15, 50, 41), 'RemotePrio': 0, 'SpdSwPtAtt': 111111, 'ErrorCode': '000000', 'OvTempElec': 0, 'OvTempPump': 0, 'SetSpdAtt': 111111, 'PumpAccel': 0, 'SetRotSpd': 1000, 'ActualSpd': 1000, 'DrvCurrent': Decimal('0.59'), 'OpHrsPump': 88634, 'FwVersion': 15500, 'DrvVoltage': Decimal('23.00'), 'OpHrsElec': 101466, 'NominalSpd': 1000, 'DrvPower': 12, 'PumpCylces': 1332, 'TempElec': None, 'TempPmpBot': None, 'AccelDecel': None, 'TempBearng': None, 'TempMotor': None, 'ElecName': 'TC100', 'HWVersion': None, 'ErrHist1': 'Err913', 'ErrHist2': 'Err006', 'ErrHist3': 'Err006', 'ErrHist4': 'Err006', 'ErrHist5': 'Err006', 'ErrHist6': 'Err913', 'ErrHist7': 'Err006', 'ErrHist8': 'Err006', 'ErrHist9': 'Err006', 'ErrHist10': 'Err913'}]
2026-03-09 15:50:42,172 - slack [INFO]: Sending block message to channel #worldview_slow_control
2026-03-09 15:50:42,172 - slack [DEBUG]: Sending block message to channel #worldview_slow_control: [{'type': 'header', 'text': {'type': 'plain_text', 'text': 'Current Worldview MicroGRAMS Status (2026-03-09 15:50:42 JST)'}}, {'type': 'context', 'elements': [{'type': 'mrkdwn', 'text': '```_____Pressure(2026-03-10 05:50:38 JST)_____\nPressure 1: 1.0000e-5 Torr, 1.3332e-03 Pa\nPressure 2: 6.9100e+2 Torr, 9.2126e+04 Pa\nPressure 3: 3.4200e-6 Torr, 4.5596e-04 Pa\nPressure 4: 3.4160e-6 Torr, 4.5543e-04 Pa\nPressure 5: 3.4200e-6 Torr, 4.5596e-04 Pa\n___________________________________________\n\n______Turbo(2026-03-10 05:50:41 JST)______\nActual Turbo Rotation:          1000 rpm\nTemperature Pump Bottom Part:      0 °C\nTemperature Motor:                 0 °C\nTemperature Electric:              0 °C\nTemperature Bearing:               0 °C\n___________________________________________\n```'}]}]
2026-03-09 15:50:42,570 - slack [DEBUG]: Slack API response: {'ok': True, 'channel': 'C0AKLJCJYUU', 'ts': '1773085842.468619', 'message': {'user': 'U0AKDJ0LCF7', 'type': 'message', 'ts': '1773085842.468619', 'bot_id': 'B0ALB8ZHA56', 'app_id': 'A0AKEUYUJ1L', 'text': 'Current Worldview MicroGRAMS Status (2026-03-09 15:50:42 JST) _____Pressure(2026-03-10 05:50:38 JST)_____ Pressure 1: 1.0000e-5 Torr, 1.3332e-03 Pa Pressure 2: 6.9100e+2 Torr, 9.2126e+04 Pa Pressure 3: 3.4200e-6 Torr, 4.5596e-04 Pa Pressure 4: 3.4160e-6 Torr, 4.5543e-04 Pa Pressure 5: 3.4200e-6 Torr, 4.5596e-04 Pa ___________________________________________  ______Turbo(2026-03-10 05:50:41 JST)______ Actual Turbo Rotation:          1000 rpm Temperature Pump Bottom Part:      0 °C Temperature Motor:                 0 °C Temperature Electric:              0 °C Temperature Bearing:               0 °C ___________________________________________ ', 'team': 'TM6Q2L2GZ', 'bot_profile': {'id': 'B0ALB8ZHA56', 'app_id': 'A0AKEUYUJ1L', 'user_id': 'U0AKDJ0LCF7', 'name': 'worldview_slow_control', 'icons': {'image_36': 'https://a.slack-edge.com/80588/img/plugins/app/bot_36.png', 'image_48': 'https://a.slack-edge.com/80588/img/plugins/app/bot_48.png', 'image_72': 'https://a.slack-edge.com/80588/img/plugins/app/service_72.png'}, 'deleted': False, 'updated': 1773084018, 'team_id': 'TM6Q2L2GZ'}, 'blocks': [{'type': 'header', 'block_id': 'glDJG', 'text': {'type': 'plain_text', 'text': 'Current Worldview MicroGRAMS Status (2026-03-09 15:50:42 JST)', 'emoji': True}}, {'type': 'context', 'block_id': 'o/+eW', 'elements': [{'type': 'mrkdwn', 'text': '```_____Pressure(2026-03-10 05:50:38 JST)_____\nPressure 1: 1.0000e-5 Torr, 1.3332e-03 Pa\nPressure 2: 6.9100e+2 Torr, 9.2126e+04 Pa\nPressure 3: 3.4200e-6 Torr, 4.5596e-04 Pa\nPressure 4: 3.4160e-6 Torr, 4.5543e-04 Pa\nPressure 5: 3.4200e-6 Torr, 4.5596e-04 Pa\n___________________________________________\n\n______Turbo(2026-03-10 05:50:41 JST)______\nActual Turbo Rotation:          1000 rpm\nTemperature Pump Bottom Part:      0 °C\nTemperature Motor:                 0 °C\nTemperature Electric:              0 °C\nTemperature Bearing:               0 °C\n___________________________________________\n```', 'verbatim': False}]}]}}
2026-03-09 15:50:43,292 - main [ERROR]: Error occurred:
Traceback (most recent call last):
  File "/home/pi/osakainfo/main.py", line 119, in main
    result = make_screenshot_and_push_to_slack(slack_handler, channel, thread_ts=last_ts)
             ^^^^^^^^^^^^^^^^^^^^^^^^^^^^^^^^^^^^^^^^^^^^^^^^^^^^^^^^^^^^^^^^^^^^^^^^^^^^
  File "/home/pi/osakainfo/main.py", line 32, in make_screenshot_and_push_to_slack
    make_screenshot(screenshot_path)
  File "/home/pi/osakainfo/screenshot.py", line 16, in make_screenshot
    page.goto(GRAFANA_URL)
  File "/home/pi/.local/lib/python3.11/site-packages/playwright/sync_api/_generated.py", line 9054, in goto
    self._sync(
  File "/home/pi/.local/lib/python3.11/site-packages/playwright/_impl/_sync_base.py", line 115, in _sync
    return task.result()
           ^^^^^^^^^^^^^
  File "/home/pi/.local/lib/python3.11/site-packages/playwright/_impl/_page.py", line 552, in goto
    return await self._main_frame.goto(**locals_to_params(locals()))
                 ^^^^^^^^^^^^^^^^^^^^^^^^^^^^^^^^^^^^^^^^^^^^^^^^^^^
TypeError: Frame.goto() missing 1 required positional argument: 'url'
2026-03-09 15:50:48,294 - mysql [DEBUG]: MySQL query response: [{'id': 65318, 'time': datetime.datetime(2026, 3, 9, 15, 50, 43), 'PR1': Decimal('0.000010000000'), 'PR2': Decimal('691.000000000000'), 'PR3': Decimal('0.000003420000'), 'PR4': Decimal('0.000003416000'), 'PR5': Decimal('0.000003420000')}]
2026-03-09 15:50:48,295 - mysql [DEBUG]: MySQL query response: [{'id': 43677, 'time': datetime.datetime(2026, 3, 9, 15, 50, 47), 'RemotePrio': 0, 'SpdSwPtAtt': 111111, 'ErrorCode': '000000', 'OvTempElec': 0, 'OvTempPump': 0, 'SetSpdAtt': 111111, 'PumpAccel': 0, 'SetRotSpd': 1000, 'ActualSpd': 1000, 'DrvCurrent': Decimal('0.89'), 'OpHrsPump': 88634, 'FwVersion': 15500, 'DrvVoltage': Decimal('22.75'), 'OpHrsElec': 101466, 'NominalSpd': 1000, 'DrvPower': 19, 'PumpCylces': 1332, 'TempElec': None, 'TempPmpBot': None, 'AccelDecel': None, 'TempBearng': None, 'TempMotor': None, 'ElecName': 'TC100', 'HWVersion': None, 'ErrHist1': 'Err913', 'ErrHist2': 'Err006', 'ErrHist3': 'Err006', 'ErrHist4': 'Err006', 'ErrHist5': 'Err006', 'ErrHist6': 'Err913', 'ErrHist7': 'Err006', 'ErrHist8': 'Err006', 'ErrHist9': 'Err006', 'ErrHist10': 'Err913'}]
2026-03-09 15:50:48,295 - slack [INFO]: Editing block message in channel C0AKLJCJYUU with ts 1773085842.468619
2026-03-09 15:50:48,667 - slack [DEBUG]: Slack API response: {'ok': True, 'channel': 'C0AKLJCJYUU', 'ts': '1773085842.468619', 'text': '_____Pressure(2026-03-10 05:50:43 JST)_____ Pressure 1: 1.0000e-5 Torr, 1.3332e-03 Pa Pressure 2: 6.9100e+2 Torr, 9.2126e+04 Pa Pressure 3: 3.4200e-6 Torr, 4.5596e-04 Pa Pressure 4: 3.4160e-6 Torr, 4.5543e-04 Pa Pressure 5: 3.4200e-6 Torr, 4.5596e-04 Pa ___________________________________________  ______Turbo(2026-03-10 05:50:47 JST)______ Actual Turbo Rotation:          1000 rpm Temperature Pump Bottom Part:      0 °C Temperature Motor:                 0 °C Temperature Electric:              0 °C Temperature Bearing:               0 °C ___________________________________________ ', 'message': {'user': 'U0AKDJ0LCF7', 'type': 'message', 'edited': {'user': 'B0ALB8ZHA56', 'ts': '1773085848.000000'}, 'bot_id': 'B0ALB8ZHA56', 'app_id': 'A0AKEUYUJ1L', 'text': '_____Pressure(2026-03-10 05:50:43 JST)_____ Pressure 1: 1.0000e-5 Torr, 1.3332e-03 Pa Pressure 2: 6.9100e+2 Torr, 9.2126e+04 Pa Pressure 3: 3.4200e-6 Torr, 4.5596e-04 Pa Pressure 4: 3.4160e-6 Torr, 4.5543e-04 Pa Pressure 5: 3.4200e-6 Torr, 4.5596e-04 Pa ___________________________________________  ______Turbo(2026-03-10 05:50:47 JST)______ Actual Turbo Rotation:          1000 rpm Temperature Pump Bottom Part:      0 °C Temperature Motor:                 0 °C Temperature Electric:              0 °C Temperature Bearing:               0 °C ___________________________________________ ', 'team': 'TM6Q2L2GZ', 'bot_profile': {'id': 'B0ALB8ZHA56', 'app_id': 'A0AKEUYUJ1L', 'user_id': 'U0AKDJ0LCF7', 'name': 'worldview_slow_control', 'icons': {'image_36': 'https://a.slack-edge.com/80588/img/plugins/app/bot_36.png', 'image_48': 'https://a.slack-edge.com/80588/img/plugins/app/bot_48.png', 'image_72': 'https://a.slack-edge.com/80588/img/plugins/app/service_72.png'}, 'deleted': False, 'updated': 1773084018, 'team_id': 'TM6Q2L2GZ'}, 'blocks': [{'type': 'header', 'block_id': 'zBsW5', 'text': {'type': 'plain_text', 'text': 'Current Worldview MicroGRAMS Status (2026-03-09 15:50:48 JST)', 'emoji': True}}, {'type': 'context', 'block_id': 'SH+m+', 'elements': [{'type': 'mrkdwn', 'text': '```_____Pressure(2026-03-10 05:50:43 JST)_____\nPressure 1: 1.0000e-5 Torr, 1.3332e-03 Pa\nPressure 2: 6.9100e+2 Torr, 9.2126e+04 Pa\nPressure 3: 3.4200e-6 Torr, 4.5596e-04 Pa\nPressure 4: 3.4160e-6 Torr, 4.5543e-04 Pa\nPressure 5: 3.4200e-6 Torr, 4.5596e-04 Pa\n___________________________________________\n\n______Turbo(2026-03-10 05:50:47 JST)______\nActual Turbo Rotation:          1000 rpm\nTemperature Pump Bottom Part:      0 °C\nTemperature Motor:                 0 °C\nTemperature Electric:              0 °C\nTemperature Bearing:               0 °C\n___________________________________________\n```', 'verbatim': False}]}]}}
2026-03-09 16:08:05,102 - main [INFO]: Starting Osaka MicroGRAMS Slack Info Bot
2026-03-09 16:08:05,102 - main [INFO]: Text push duration set to 3600 seconds
2026-03-09 16:08:05,102 - main [INFO]: Image push duration set to 3600 seconds
2026-03-09 16:08:05,102 - main [INFO]: host: 127.0.0.1, user: root
2026-03-09 16:08:05,102 - slack [INFO]: Initialized SlackHandler
2026-03-09 16:08:05,409 - slack [INFO]: Slack auth test successful
2026-03-09 16:08:06,039 - slack [INFO]: Authenticated as user: worldviewslowcontrol in team: ['GRAMS']

2026-03-09 16:08:06,045 - mysql [DEBUG]: MySQL query response: [{'id': 65520, 'time': datetime.datetime(2026, 3, 9, 16, 8, 5), 'PR1': Decimal('0.000010000000'), 'PR2': Decimal('691.000000000000'), 'PR3': Decimal('0.000003410000'), 'PR4': Decimal('0.000003413000'), 'PR5': Decimal('0.000003410000')}]
2026-03-09 16:08:06,046 - mysql [DEBUG]: MySQL query response: [{'id': 44060, 'time': datetime.datetime(2026, 3, 9, 16, 8, 3), 'RemotePrio': 0, 'SpdSwPtAtt': 111111, 'ErrorCode': '000000', 'OvTempElec': 0, 'OvTempPump': 0, 'SetSpdAtt': 111111, 'PumpAccel': 0, 'SetRotSpd': 1000, 'ActualSpd': 1000, 'DrvCurrent': Decimal('0.61'), 'OpHrsPump': 88634, 'FwVersion': 15500, 'DrvVoltage': Decimal('23.00'), 'OpHrsElec': 101466, 'NominalSpd': 1000, 'DrvPower': 12, 'PumpCylces': 1332, 'TempElec': None, 'TempPmpBot': None, 'AccelDecel': None, 'TempBearng': None, 'TempMotor': None, 'ElecName': 'TC100', 'HWVersion': None, 'ErrHist1': 'Err913', 'ErrHist2': 'Err006', 'ErrHist3': 'Err006', 'ErrHist4': 'Err006', 'ErrHist5': 'Err006', 'ErrHist6': 'Err913', 'ErrHist7': 'Err006', 'ErrHist8': 'Err006', 'ErrHist9': 'Err006', 'ErrHist10': 'Err913'}]
2026-03-09 16:08:06,046 - slack [INFO]: Sending block message to channel #worldview_slow_control
2026-03-09 16:08:06,046 - slack [DEBUG]: Sending block message to channel #worldview_slow_control: [{'type': 'header', 'text': {'type': 'plain_text', 'text': 'Current Worldview MicroGRAMS Status (2026-03-09 16:08:06 JST)'}}, {'type': 'context', 'elements': [{'type': 'mrkdwn', 'text': '```_____Pressure(2026-03-10 06:08:05 JST)_____\nPressure 1: 1.0000e-5 Torr, 1.3332e-03 Pa\nPressure 2: 6.9100e+2 Torr, 9.2126e+04 Pa\nPressure 3: 3.4100e-6 Torr, 4.5463e-04 Pa\nPressure 4: 3.4130e-6 Torr, 4.5503e-04 Pa\nPressure 5: 3.4100e-6 Torr, 4.5463e-04 Pa\n___________________________________________\n\n______Turbo(2026-03-10 06:08:03 JST)______\nActual Turbo Rotation:          1000 rpm\nTemperature Pump Bottom Part:      0 °C\nTemperature Motor:                 0 °C\nTemperature Electric:              0 °C\nTemperature Bearing:               0 °C\n___________________________________________\n```'}]}]
2026-03-09 16:08:06,444 - slack [DEBUG]: Slack API response: {'ok': True, 'channel': 'C0AKLJCJYUU', 'ts': '1773086886.346639', 'message': {'user': 'U0AKDJ0LCF7', 'type': 'message', 'ts': '1773086886.346639', 'bot_id': 'B0ALB8ZHA56', 'app_id': 'A0AKEUYUJ1L', 'text': 'Current Worldview MicroGRAMS Status (2026-03-09 16:08:06 JST) _____Pressure(2026-03-10 06:08:05 JST)_____ Pressure 1: 1.0000e-5 Torr, 1.3332e-03 Pa Pressure 2: 6.9100e+2 Torr, 9.2126e+04 Pa Pressure 3: 3.4100e-6 Torr, 4.5463e-04 Pa Pressure 4: 3.4130e-6 Torr, 4.5503e-04 Pa Pressure 5: 3.4100e-6 Torr, 4.5463e-04 Pa ___________________________________________  ______Turbo(2026-03-10 06:08:03 JST)______ Actual Turbo Rotation:          1000 rpm Temperature Pump Bottom Part:      0 °C Temperature Motor:                 0 °C Temperature Electric:              0 °C Temperature Bearing:               0 °C ___________________________________________ ', 'team': 'TM6Q2L2GZ', 'bot_profile': {'id': 'B0ALB8ZHA56', 'app_id': 'A0AKEUYUJ1L', 'user_id': 'U0AKDJ0LCF7', 'name': 'worldview_slow_control', 'icons': {'image_36': 'https://a.slack-edge.com/80588/img/plugins/app/bot_36.png', 'image_48': 'https://a.slack-edge.com/80588/img/plugins/app/bot_48.png', 'image_72': 'https://a.slack-edge.com/80588/img/plugins/app/service_72.png'}, 'deleted': False, 'updated': 1773084018, 'team_id': 'TM6Q2L2GZ'}, 'blocks': [{'type': 'header', 'block_id': 'bx/Y8', 'text': {'type': 'plain_text', 'text': 'Current Worldview MicroGRAMS Status (2026-03-09 16:08:06 JST)', 'emoji': True}}, {'type': 'context', 'block_id': 'xwKmk', 'elements': [{'type': 'mrkdwn', 'text': '```_____Pressure(2026-03-10 06:08:05 JST)_____\nPressure 1: 1.0000e-5 Torr, 1.3332e-03 Pa\nPressure 2: 6.9100e+2 Torr, 9.2126e+04 Pa\nPressure 3: 3.4100e-6 Torr, 4.5463e-04 Pa\nPressure 4: 3.4130e-6 Torr, 4.5503e-04 Pa\nPressure 5: 3.4100e-6 Torr, 4.5463e-04 Pa\n___________________________________________\n\n______Turbo(2026-03-10 06:08:03 JST)______\nActual Turbo Rotation:          1000 rpm\nTemperature Pump Bottom Part:      0 °C\nTemperature Motor:                 0 °C\nTemperature Electric:              0 °C\nTemperature Bearing:               0 °C\n___________________________________________\n```', 'verbatim': False}]}]}}
2026-03-09 16:08:22,474 - slack [INFO]: Uploading file Worldview_micrograms_dashboard.png to Slack
2026-03-09 16:08:22,764 - main [ERROR]: Error occurred:
Traceback (most recent call last):
  File "/home/pi/osakainfo/main.py", line 119, in main
    result = make_screenshot_and_push_to_slack(slack_handler, channel, thread_ts=last_ts)
             ^^^^^^^^^^^^^^^^^^^^^^^^^^^^^^^^^^^^^^^^^^^^^^^^^^^^^^^^^^^^^^^^^^^^^^^^^^^^
  File "/home/pi/osakainfo/main.py", line 33, in make_screenshot_and_push_to_slack
    result = push_screenshot_to_slack(slack_handler, channel, screenshot_path, thread_ts=thread_ts)
             ^^^^^^^^^^^^^^^^^^^^^^^^^^^^^^^^^^^^^^^^^^^^^^^^^^^^^^^^^^^^^^^^^^^^^^^^^^^^^^^^^^^^^^
  File "/home/pi/osakainfo/main.py", line 27, in push_screenshot_to_slack
    return slack_handler.upload_and_send_image(channel, [image_path], titles=["Worldview Micrograms Dashboard Screenshot"], thread_ts=thread_ts)
           ^^^^^^^^^^^^^^^^^^^^^^^^^^^^^^^^^^^^^^^^^^^^^^^^^^^^^^^^^^^^^^^^^^^^^^^^^^^^^^^^^^^^^^^^^^^^^^^^^^^^^^^^^^^^^^^^^^^^^^^^^^^^^^^^^^^^^
  File "/home/pi/osakainfo/SlackHandler.py", line 130, in upload_and_send_image
    upload_response = self.return_wrapper(self.upload_file(file_path))
                                          ^^^^^^^^^^^^^^^^^^^^^^^^^^^
  File "/home/pi/osakainfo/SlackHandler.py", line 104, in upload_file
    ret = self.client.files_getUploadURLExternal(filename=file_path, length=file_size)
          ^^^^^^^^^^^^^^^^^^^^^^^^^^^^^^^^^^^^^^^^^^^^^^^^^^^^^^^^^^^^^^^^^^^^^^^^^^^^
  File "/home/pi/.local/lib/python3.11/site-packages/slack_sdk/web/client.py", line 4103, in files_getUploadURLExternal
    return self.api_call("files.getUploadURLExternal", params=kwargs)
           ^^^^^^^^^^^^^^^^^^^^^^^^^^^^^^^^^^^^^^^^^^^^^^^^^^^^^^^^^^
  File "/home/pi/.local/lib/python3.11/site-packages/slack_sdk/web/base_client.py", line 169, in api_call
    return self._sync_send(api_url=api_url, req_args=req_args)
           ^^^^^^^^^^^^^^^^^^^^^^^^^^^^^^^^^^^^^^^^^^^^^^^^^^^
  File "/home/pi/.local/lib/python3.11/site-packages/slack_sdk/web/base_client.py", line 200, in _sync_send
    return self._urllib_api_call(
           ^^^^^^^^^^^^^^^^^^^^^^
  File "/home/pi/.local/lib/python3.11/site-packages/slack_sdk/web/base_client.py", line 331, in _urllib_api_call
    ).validate()
      ^^^^^^^^^^
  File "/home/pi/.local/lib/python3.11/site-packages/slack_sdk/web/slack_response.py", line 197, in validate
    raise e.SlackApiError(message=msg, response=self)
slack_sdk.errors.SlackApiError: The request to the Slack API failed. (url: https://slack.com/api/files.getUploadURLExternal)
The server responded with: {'ok': False, 'error': 'missing_scope', 'needed': 'files:write', 'provided': 'groups:read,channels:read,chat:write'}
2026-03-09 16:08:27,767 - mysql [DEBUG]: MySQL query response: [{'id': 65524, 'time': datetime.datetime(2026, 3, 9, 16, 8, 26), 'PR1': Decimal('0.000010000000'), 'PR2': Decimal('691.000000000000'), 'PR3': Decimal('0.000003410000'), 'PR4': Decimal('0.000003414000'), 'PR5': Decimal('0.000003410000')}]
2026-03-09 16:08:27,768 - mysql [DEBUG]: MySQL query response: [{'id': 44068, 'time': datetime.datetime(2026, 3, 9, 16, 8, 25), 'RemotePrio': 0, 'SpdSwPtAtt': 111111, 'ErrorCode': '000000', 'OvTempElec': 0, 'OvTempPump': 0, 'SetSpdAtt': 111111, 'PumpAccel': 0, 'SetRotSpd': 1000, 'ActualSpd': 1000, 'DrvCurrent': Decimal('0.90'), 'OpHrsPump': 88634, 'FwVersion': 15500, 'DrvVoltage': Decimal('22.75'), 'OpHrsElec': 101466, 'NominalSpd': 1000, 'DrvPower': 19, 'PumpCylces': 1332, 'TempElec': None, 'TempPmpBot': None, 'AccelDecel': None, 'TempBearng': None, 'TempMotor': None, 'ElecName': 'TC100', 'HWVersion': None, 'ErrHist1': 'Err913', 'ErrHist2': 'Err006', 'ErrHist3': 'Err006', 'ErrHist4': 'Err006', 'ErrHist5': 'Err006', 'ErrHist6': 'Err913', 'ErrHist7': 'Err006', 'ErrHist8': 'Err006', 'ErrHist9': 'Err006', 'ErrHist10': 'Err913'}]
2026-03-09 16:08:27,768 - slack [INFO]: Editing block message in channel C0AKLJCJYUU with ts 1773086886.346639
2026-03-09 16:08:28,167 - slack [DEBUG]: Slack API response: {'ok': True, 'channel': 'C0AKLJCJYUU', 'ts': '1773086886.346639', 'text': '_____Pressure(2026-03-10 06:08:26 JST)_____ Pressure 1: 1.0000e-5 Torr, 1.3332e-03 Pa Pressure 2: 6.9100e+2 Torr, 9.2126e+04 Pa Pressure 3: 3.4100e-6 Torr, 4.5463e-04 Pa Pressure 4: 3.4140e-6 Torr, 4.5516e-04 Pa Pressure 5: 3.4100e-6 Torr, 4.5463e-04 Pa ___________________________________________  ______Turbo(2026-03-10 06:08:25 JST)______ Actual Turbo Rotation:          1000 rpm Temperature Pump Bottom Part:      0 °C Temperature Motor:                 0 °C Temperature Electric:              0 °C Temperature Bearing:               0 °C ___________________________________________ ', 'message': {'user': 'U0AKDJ0LCF7', 'type': 'message', 'edited': {'user': 'B0ALB8ZHA56', 'ts': '1773086908.000000'}, 'bot_id': 'B0ALB8ZHA56', 'app_id': 'A0AKEUYUJ1L', 'text': '_____Pressure(2026-03-10 06:08:26 JST)_____ Pressure 1: 1.0000e-5 Torr, 1.3332e-03 Pa Pressure 2: 6.9100e+2 Torr, 9.2126e+04 Pa Pressure 3: 3.4100e-6 Torr, 4.5463e-04 Pa Pressure 4: 3.4140e-6 Torr, 4.5516e-04 Pa Pressure 5: 3.4100e-6 Torr, 4.5463e-04 Pa ___________________________________________  ______Turbo(2026-03-10 06:08:25 JST)______ Actual Turbo Rotation:          1000 rpm Temperature Pump Bottom Part:      0 °C Temperature Motor:                 0 °C Temperature Electric:              0 °C Temperature Bearing:               0 °C ___________________________________________ ', 'team': 'TM6Q2L2GZ', 'bot_profile': {'id': 'B0ALB8ZHA56', 'app_id': 'A0AKEUYUJ1L', 'user_id': 'U0AKDJ0LCF7', 'name': 'worldview_slow_control', 'icons': {'image_36': 'https://a.slack-edge.com/80588/img/plugins/app/bot_36.png', 'image_48': 'https://a.slack-edge.com/80588/img/plugins/app/bot_48.png', 'image_72': 'https://a.slack-edge.com/80588/img/plugins/app/service_72.png'}, 'deleted': False, 'updated': 1773084018, 'team_id': 'TM6Q2L2GZ'}, 'blocks': [{'type': 'header', 'block_id': 'fucQ4', 'text': {'type': 'plain_text', 'text': 'Current Worldview MicroGRAMS Status (2026-03-09 16:08:27 JST)', 'emoji': True}}, {'type': 'context', 'block_id': 'f6AnS', 'elements': [{'type': 'mrkdwn', 'text': '```_____Pressure(2026-03-10 06:08:26 JST)_____\nPressure 1: 1.0000e-5 Torr, 1.3332e-03 Pa\nPressure 2: 6.9100e+2 Torr, 9.2126e+04 Pa\nPressure 3: 3.4100e-6 Torr, 4.5463e-04 Pa\nPressure 4: 3.4140e-6 Torr, 4.5516e-04 Pa\nPressure 5: 3.4100e-6 Torr, 4.5463e-04 Pa\n___________________________________________\n\n______Turbo(2026-03-10 06:08:25 JST)______\nActual Turbo Rotation:          1000 rpm\nTemperature Pump Bottom Part:      0 °C\nTemperature Motor:                 0 °C\nTemperature Electric:              0 °C\nTemperature Bearing:               0 °C\n___________________________________________\n```', 'verbatim': False}]}]}}
2026-03-09 16:09:25,797 - main [INFO]: Starting Osaka MicroGRAMS Slack Info Bot
2026-03-09 16:09:25,797 - main [INFO]: Text push duration set to 3600 seconds
2026-03-09 16:09:25,798 - main [INFO]: Image push duration set to 3600 seconds
2026-03-09 16:09:25,798 - main [INFO]: host: 127.0.0.1, user: root
2026-03-09 16:09:25,798 - slack [INFO]: Initialized SlackHandler
2026-03-09 16:09:26,107 - slack [INFO]: Slack auth test successful
2026-03-09 16:09:26,712 - slack [INFO]: Authenticated as user: worldviewslowcontrol in team: ['GRAMS']

2026-03-09 16:09:26,715 - mysql [DEBUG]: MySQL query response: [{'id': 65535, 'time': datetime.datetime(2026, 3, 9, 16, 9, 23), 'PR1': Decimal('0.000010000000'), 'PR2': Decimal('691.000000000000'), 'PR3': Decimal('0.000003410000'), 'PR4': Decimal('0.000003414000'), 'PR5': Decimal('0.000003410000')}]
2026-03-09 16:09:26,715 - mysql [DEBUG]: MySQL query response: [{'id': 44090, 'time': datetime.datetime(2026, 3, 9, 16, 9, 24), 'RemotePrio': 0, 'SpdSwPtAtt': 111111, 'ErrorCode': '000000', 'OvTempElec': 0, 'OvTempPump': 0, 'SetSpdAtt': 111111, 'PumpAccel': 0, 'SetRotSpd': 1000, 'ActualSpd': 1000, 'DrvCurrent': Decimal('0.82'), 'OpHrsPump': 88634, 'FwVersion': 15500, 'DrvVoltage': Decimal('22.75'), 'OpHrsElec': 101466, 'NominalSpd': 1000, 'DrvPower': 18, 'PumpCylces': 1332, 'TempElec': None, 'TempPmpBot': None, 'AccelDecel': None, 'TempBearng': None, 'TempMotor': None, 'ElecName': 'TC100', 'HWVersion': None, 'ErrHist1': 'Err913', 'ErrHist2': 'Err006', 'ErrHist3': 'Err006', 'ErrHist4': 'Err006', 'ErrHist5': 'Err006', 'ErrHist6': 'Err913', 'ErrHist7': 'Err006', 'ErrHist8': 'Err006', 'ErrHist9': 'Err006', 'ErrHist10': 'Err913'}]
2026-03-09 16:09:26,716 - slack [INFO]: Sending block message to channel #worldview_slow_control
2026-03-09 16:09:26,716 - slack [DEBUG]: Sending block message to channel #worldview_slow_control: [{'type': 'header', 'text': {'type': 'plain_text', 'text': 'Current Worldview MicroGRAMS Status (2026-03-09 16:09:26 JST)'}}, {'type': 'context', 'elements': [{'type': 'mrkdwn', 'text': '```_____Pressure(2026-03-10 06:09:23 JST)_____\nPressure 1: 1.0000e-5 Torr, 1.3332e-03 Pa\nPressure 2: 6.9100e+2 Torr, 9.2126e+04 Pa\nPressure 3: 3.4100e-6 Torr, 4.5463e-04 Pa\nPressure 4: 3.4140e-6 Torr, 4.5516e-04 Pa\nPressure 5: 3.4100e-6 Torr, 4.5463e-04 Pa\n___________________________________________\n\n______Turbo(2026-03-10 06:09:24 JST)______\nActual Turbo Rotation:          1000 rpm\nTemperature Pump Bottom Part:      0 °C\nTemperature Motor:                 0 °C\nTemperature Electric:              0 °C\nTemperature Bearing:               0 °C\n___________________________________________\n```'}]}]
2026-03-09 16:09:27,101 - slack [DEBUG]: Slack API response: {'ok': True, 'channel': 'C0AKLJCJYUU', 'ts': '1773086967.018609', 'message': {'user': 'U0AKDJ0LCF7', 'type': 'message', 'ts': '1773086967.018609', 'bot_id': 'B0ALB8ZHA56', 'app_id': 'A0AKEUYUJ1L', 'text': 'Current Worldview MicroGRAMS Status (2026-03-09 16:09:26 JST) _____Pressure(2026-03-10 06:09:23 JST)_____ Pressure 1: 1.0000e-5 Torr, 1.3332e-03 Pa Pressure 2: 6.9100e+2 Torr, 9.2126e+04 Pa Pressure 3: 3.4100e-6 Torr, 4.5463e-04 Pa Pressure 4: 3.4140e-6 Torr, 4.5516e-04 Pa Pressure 5: 3.4100e-6 Torr, 4.5463e-04 Pa ___________________________________________  ______Turbo(2026-03-10 06:09:24 JST)______ Actual Turbo Rotation:          1000 rpm Temperature Pump Bottom Part:      0 °C Temperature Motor:                 0 °C Temperature Electric:              0 °C Temperature Bearing:               0 °C ___________________________________________ ', 'team': 'TM6Q2L2GZ', 'bot_profile': {'id': 'B0ALB8ZHA56', 'app_id': 'A0AKEUYUJ1L', 'user_id': 'U0AKDJ0LCF7', 'name': 'worldview_slow_control', 'icons': {'image_36': 'https://a.slack-edge.com/80588/img/plugins/app/bot_36.png', 'image_48': 'https://a.slack-edge.com/80588/img/plugins/app/bot_48.png', 'image_72': 'https://a.slack-edge.com/80588/img/plugins/app/service_72.png'}, 'deleted': False, 'updated': 1773084018, 'team_id': 'TM6Q2L2GZ'}, 'blocks': [{'type': 'header', 'block_id': 'aUu6S', 'text': {'type': 'plain_text', 'text': 'Current Worldview MicroGRAMS Status (2026-03-09 16:09:26 JST)', 'emoji': True}}, {'type': 'context', 'block_id': 'OtYsV', 'elements': [{'type': 'mrkdwn', 'text': '```_____Pressure(2026-03-10 06:09:23 JST)_____\nPressure 1: 1.0000e-5 Torr, 1.3332e-03 Pa\nPressure 2: 6.9100e+2 Torr, 9.2126e+04 Pa\nPressure 3: 3.4100e-6 Torr, 4.5463e-04 Pa\nPressure 4: 3.4140e-6 Torr, 4.5516e-04 Pa\nPressure 5: 3.4100e-6 Torr, 4.5463e-04 Pa\n___________________________________________\n\n______Turbo(2026-03-10 06:09:24 JST)______\nActual Turbo Rotation:          1000 rpm\nTemperature Pump Bottom Part:      0 °C\nTemperature Motor:                 0 °C\nTemperature Electric:              0 °C\nTemperature Bearing:               0 °C\n___________________________________________\n```', 'verbatim': False}]}]}}
2026-03-09 16:09:43,209 - slack [INFO]: Uploading file Worldview_micrograms_dashboard.png to Slack
2026-03-09 16:09:43,521 - main [ERROR]: Error occurred:
Traceback (most recent call last):
  File "/home/pi/osakainfo/main.py", line 119, in main
    result = make_screenshot_and_push_to_slack(slack_handler, channel, thread_ts=last_ts)
             ^^^^^^^^^^^^^^^^^^^^^^^^^^^^^^^^^^^^^^^^^^^^^^^^^^^^^^^^^^^^^^^^^^^^^^^^^^^^
  File "/home/pi/osakainfo/main.py", line 33, in make_screenshot_and_push_to_slack
    result = push_screenshot_to_slack(slack_handler, channel, screenshot_path, thread_ts=thread_ts)
             ^^^^^^^^^^^^^^^^^^^^^^^^^^^^^^^^^^^^^^^^^^^^^^^^^^^^^^^^^^^^^^^^^^^^^^^^^^^^^^^^^^^^^^
  File "/home/pi/osakainfo/main.py", line 27, in push_screenshot_to_slack
    return slack_handler.upload_and_send_image(channel, [image_path], titles=["Worldview Micrograms Dashboard Screenshot"], thread_ts=thread_ts)
           ^^^^^^^^^^^^^^^^^^^^^^^^^^^^^^^^^^^^^^^^^^^^^^^^^^^^^^^^^^^^^^^^^^^^^^^^^^^^^^^^^^^^^^^^^^^^^^^^^^^^^^^^^^^^^^^^^^^^^^^^^^^^^^^^^^^^^
  File "/home/pi/osakainfo/SlackHandler.py", line 130, in upload_and_send_image
    upload_response = self.return_wrapper(self.upload_file(file_path))
                                          ^^^^^^^^^^^^^^^^^^^^^^^^^^^
  File "/home/pi/osakainfo/SlackHandler.py", line 104, in upload_file
    ret = self.client.files_getUploadURLExternal(filename=file_path, length=file_size)
          ^^^^^^^^^^^^^^^^^^^^^^^^^^^^^^^^^^^^^^^^^^^^^^^^^^^^^^^^^^^^^^^^^^^^^^^^^^^^
  File "/home/pi/.local/lib/python3.11/site-packages/slack_sdk/web/client.py", line 4103, in files_getUploadURLExternal
    return self.api_call("files.getUploadURLExternal", params=kwargs)
           ^^^^^^^^^^^^^^^^^^^^^^^^^^^^^^^^^^^^^^^^^^^^^^^^^^^^^^^^^^
  File "/home/pi/.local/lib/python3.11/site-packages/slack_sdk/web/base_client.py", line 169, in api_call
    return self._sync_send(api_url=api_url, req_args=req_args)
           ^^^^^^^^^^^^^^^^^^^^^^^^^^^^^^^^^^^^^^^^^^^^^^^^^^^
  File "/home/pi/.local/lib/python3.11/site-packages/slack_sdk/web/base_client.py", line 200, in _sync_send
    return self._urllib_api_call(
           ^^^^^^^^^^^^^^^^^^^^^^
  File "/home/pi/.local/lib/python3.11/site-packages/slack_sdk/web/base_client.py", line 331, in _urllib_api_call
    ).validate()
      ^^^^^^^^^^
  File "/home/pi/.local/lib/python3.11/site-packages/slack_sdk/web/slack_response.py", line 197, in validate
    raise e.SlackApiError(message=msg, response=self)
slack_sdk.errors.SlackApiError: The request to the Slack API failed. (url: https://slack.com/api/files.getUploadURLExternal)
The server responded with: {'ok': False, 'error': 'missing_scope', 'needed': 'files:write', 'provided': 'groups:read,channels:read,chat:write'}
2026-03-09 16:09:48,524 - mysql [DEBUG]: MySQL query response: [{'id': 65539, 'time': datetime.datetime(2026, 3, 9, 16, 9, 43), 'PR1': Decimal('0.000010000000'), 'PR2': Decimal('691.000000000000'), 'PR3': Decimal('0.000003410000'), 'PR4': Decimal('0.000003413000'), 'PR5': Decimal('0.000003410000')}]
2026-03-09 16:09:48,528 - mysql [DEBUG]: MySQL query response: [{'id': 44098, 'time': datetime.datetime(2026, 3, 9, 16, 9, 46), 'RemotePrio': 0, 'SpdSwPtAtt': 111111, 'ErrorCode': '000000', 'OvTempElec': 0, 'OvTempPump': 0, 'SetSpdAtt': 111111, 'PumpAccel': 0, 'SetRotSpd': 1000, 'ActualSpd': 1000, 'DrvCurrent': Decimal('0.57'), 'OpHrsPump': 88634, 'FwVersion': 15500, 'DrvVoltage': Decimal('23.00'), 'OpHrsElec': 101466, 'NominalSpd': 1000, 'DrvPower': 12, 'PumpCylces': 1332, 'TempElec': None, 'TempPmpBot': None, 'AccelDecel': None, 'TempBearng': None, 'TempMotor': None, 'ElecName': 'TC100', 'HWVersion': None, 'ErrHist1': 'Err913', 'ErrHist2': 'Err006', 'ErrHist3': 'Err006', 'ErrHist4': 'Err006', 'ErrHist5': 'Err006', 'ErrHist6': 'Err913', 'ErrHist7': 'Err006', 'ErrHist8': 'Err006', 'ErrHist9': 'Err006', 'ErrHist10': 'Err913'}]
2026-03-09 16:09:48,528 - slack [INFO]: Editing block message in channel C0AKLJCJYUU with ts 1773086967.018609
2026-03-09 16:09:48,914 - slack [DEBUG]: Slack API response: {'ok': True, 'channel': 'C0AKLJCJYUU', 'ts': '1773086967.018609', 'text': '_____Pressure(2026-03-10 06:09:43 JST)_____ Pressure 1: 1.0000e-5 Torr, 1.3332e-03 Pa Pressure 2: 6.9100e+2 Torr, 9.2126e+04 Pa Pressure 3: 3.4100e-6 Torr, 4.5463e-04 Pa Pressure 4: 3.4130e-6 Torr, 4.5503e-04 Pa Pressure 5: 3.4100e-6 Torr, 4.5463e-04 Pa ___________________________________________  ______Turbo(2026-03-10 06:09:46 JST)______ Actual Turbo Rotation:          1000 rpm Temperature Pump Bottom Part:      0 °C Temperature Motor:                 0 °C Temperature Electric:              0 °C Temperature Bearing:               0 °C ___________________________________________ ', 'message': {'user': 'U0AKDJ0LCF7', 'type': 'message', 'edited': {'user': 'B0ALB8ZHA56', 'ts': '1773086988.000000'}, 'bot_id': 'B0ALB8ZHA56', 'app_id': 'A0AKEUYUJ1L', 'text': '_____Pressure(2026-03-10 06:09:43 JST)_____ Pressure 1: 1.0000e-5 Torr, 1.3332e-03 Pa Pressure 2: 6.9100e+2 Torr, 9.2126e+04 Pa Pressure 3: 3.4100e-6 Torr, 4.5463e-04 Pa Pressure 4: 3.4130e-6 Torr, 4.5503e-04 Pa Pressure 5: 3.4100e-6 Torr, 4.5463e-04 Pa ___________________________________________  ______Turbo(2026-03-10 06:09:46 JST)______ Actual Turbo Rotation:          1000 rpm Temperature Pump Bottom Part:      0 °C Temperature Motor:                 0 °C Temperature Electric:              0 °C Temperature Bearing:               0 °C ___________________________________________ ', 'team': 'TM6Q2L2GZ', 'bot_profile': {'id': 'B0ALB8ZHA56', 'app_id': 'A0AKEUYUJ1L', 'user_id': 'U0AKDJ0LCF7', 'name': 'worldview_slow_control', 'icons': {'image_36': 'https://a.slack-edge.com/80588/img/plugins/app/bot_36.png', 'image_48': 'https://a.slack-edge.com/80588/img/plugins/app/bot_48.png', 'image_72': 'https://a.slack-edge.com/80588/img/plugins/app/service_72.png'}, 'deleted': False, 'updated': 1773084018, 'team_id': 'TM6Q2L2GZ'}, 'blocks': [{'type': 'header', 'block_id': 'xuoil', 'text': {'type': 'plain_text', 'text': 'Current Worldview MicroGRAMS Status (2026-03-09 16:09:48 JST)', 'emoji': True}}, {'type': 'context', 'block_id': '0dV1/', 'elements': [{'type': 'mrkdwn', 'text': '```_____Pressure(2026-03-10 06:09:43 JST)_____\nPressure 1: 1.0000e-5 Torr, 1.3332e-03 Pa\nPressure 2: 6.9100e+2 Torr, 9.2126e+04 Pa\nPressure 3: 3.4100e-6 Torr, 4.5463e-04 Pa\nPressure 4: 3.4130e-6 Torr, 4.5503e-04 Pa\nPressure 5: 3.4100e-6 Torr, 4.5463e-04 Pa\n___________________________________________\n\n______Turbo(2026-03-10 06:09:46 JST)______\nActual Turbo Rotation:          1000 rpm\nTemperature Pump Bottom Part:      0 °C\nTemperature Motor:                 0 °C\nTemperature Electric:              0 °C\nTemperature Bearing:               0 °C\n___________________________________________\n```', 'verbatim': False}]}]}}
2026-03-09 16:11:54,192 - main [INFO]: Starting Osaka MicroGRAMS Slack Info Bot
2026-03-09 16:11:54,192 - main [INFO]: Text push duration set to 3600 seconds
2026-03-09 16:11:54,192 - main [INFO]: Image push duration set to 3600 seconds
2026-03-09 16:11:54,193 - main [INFO]: host: 127.0.0.1, user: root
2026-03-09 16:11:54,193 - slack [INFO]: Initialized SlackHandler
2026-03-09 16:11:54,478 - slack [INFO]: Slack auth test successful
2026-03-09 16:11:55,087 - slack [INFO]: Authenticated as user: worldviewslowcontrol in team: ['GRAMS']

2026-03-09 16:11:55,089 - mysql [DEBUG]: MySQL query response: [{'id': 65564, 'time': datetime.datetime(2026, 3, 9, 16, 11, 52), 'PR1': Decimal('0.000010000000'), 'PR2': Decimal('691.000000000000'), 'PR3': Decimal('0.000003410000'), 'PR4': Decimal('0.000003412000'), 'PR5': Decimal('0.000003410000')}]
2026-03-09 16:11:55,090 - mysql [DEBUG]: MySQL query response: [{'id': 44145, 'time': datetime.datetime(2026, 3, 9, 16, 11, 53), 'RemotePrio': 0, 'SpdSwPtAtt': 111111, 'ErrorCode': '000000', 'OvTempElec': 0, 'OvTempPump': 0, 'SetSpdAtt': 111111, 'PumpAccel': 0, 'SetRotSpd': 1000, 'ActualSpd': 1000, 'DrvCurrent': Decimal('0.50'), 'OpHrsPump': 88634, 'FwVersion': 15500, 'DrvVoltage': Decimal('23.00'), 'OpHrsElec': 101466, 'NominalSpd': 1000, 'DrvPower': 12, 'PumpCylces': 1332, 'TempElec': None, 'TempPmpBot': None, 'AccelDecel': None, 'TempBearng': None, 'TempMotor': None, 'ElecName': 'TC100', 'HWVersion': None, 'ErrHist1': 'Err913', 'ErrHist2': 'Err006', 'ErrHist3': 'Err006', 'ErrHist4': 'Err006', 'ErrHist5': 'Err006', 'ErrHist6': 'Err913', 'ErrHist7': 'Err006', 'ErrHist8': 'Err006', 'ErrHist9': 'Err006', 'ErrHist10': 'Err913'}]
2026-03-09 16:11:55,090 - slack [INFO]: Sending block message to channel #worldview_slow_control
2026-03-09 16:11:55,090 - slack [DEBUG]: Sending block message to channel #worldview_slow_control: [{'type': 'header', 'text': {'type': 'plain_text', 'text': 'Current Worldview MicroGRAMS Status (2026-03-09 16:11:55 JST)'}}, {'type': 'context', 'elements': [{'type': 'mrkdwn', 'text': '```_____Pressure(2026-03-10 06:11:52 JST)_____\nPressure 1: 1.0000e-5 Torr, 1.3332e-03 Pa\nPressure 2: 6.9100e+2 Torr, 9.2126e+04 Pa\nPressure 3: 3.4100e-6 Torr, 4.5463e-04 Pa\nPressure 4: 3.4120e-6 Torr, 4.5490e-04 Pa\nPressure 5: 3.4100e-6 Torr, 4.5463e-04 Pa\n___________________________________________\n\n______Turbo(2026-03-10 06:11:53 JST)______\nActual Turbo Rotation:          1000 rpm\nTemperature Pump Bottom Part:      0 °C\nTemperature Motor:                 0 °C\nTemperature Electric:              0 °C\nTemperature Bearing:               0 °C\n___________________________________________\n```'}]}]
2026-03-09 16:11:55,436 - slack [DEBUG]: Slack API response: {'ok': True, 'channel': 'C0AKLJCJYUU', 'ts': '1773087115.345289', 'message': {'user': 'U0AKDJ0LCF7', 'type': 'message', 'ts': '1773087115.345289', 'bot_id': 'B0ALB8ZHA56', 'app_id': 'A0AKEUYUJ1L', 'text': 'Current Worldview MicroGRAMS Status (2026-03-09 16:11:55 JST) _____Pressure(2026-03-10 06:11:52 JST)_____ Pressure 1: 1.0000e-5 Torr, 1.3332e-03 Pa Pressure 2: 6.9100e+2 Torr, 9.2126e+04 Pa Pressure 3: 3.4100e-6 Torr, 4.5463e-04 Pa Pressure 4: 3.4120e-6 Torr, 4.5490e-04 Pa Pressure 5: 3.4100e-6 Torr, 4.5463e-04 Pa ___________________________________________  ______Turbo(2026-03-10 06:11:53 JST)______ Actual Turbo Rotation:          1000 rpm Temperature Pump Bottom Part:      0 °C Temperature Motor:                 0 °C Temperature Electric:              0 °C Temperature Bearing:               0 °C ___________________________________________ ', 'team': 'TM6Q2L2GZ', 'bot_profile': {'id': 'B0ALB8ZHA56', 'app_id': 'A0AKEUYUJ1L', 'user_id': 'U0AKDJ0LCF7', 'name': 'worldview_slow_control', 'icons': {'image_36': 'https://a.slack-edge.com/80588/img/plugins/app/bot_36.png', 'image_48': 'https://a.slack-edge.com/80588/img/plugins/app/bot_48.png', 'image_72': 'https://a.slack-edge.com/80588/img/plugins/app/service_72.png'}, 'deleted': False, 'updated': 1773084018, 'team_id': 'TM6Q2L2GZ'}, 'blocks': [{'type': 'header', 'block_id': 'SBMPC', 'text': {'type': 'plain_text', 'text': 'Current Worldview MicroGRAMS Status (2026-03-09 16:11:55 JST)', 'emoji': True}}, {'type': 'context', 'block_id': 'Zf1mg', 'elements': [{'type': 'mrkdwn', 'text': '```_____Pressure(2026-03-10 06:11:52 JST)_____\nPressure 1: 1.0000e-5 Torr, 1.3332e-03 Pa\nPressure 2: 6.9100e+2 Torr, 9.2126e+04 Pa\nPressure 3: 3.4100e-6 Torr, 4.5463e-04 Pa\nPressure 4: 3.4120e-6 Torr, 4.5490e-04 Pa\nPressure 5: 3.4100e-6 Torr, 4.5463e-04 Pa\n___________________________________________\n\n______Turbo(2026-03-10 06:11:53 JST)______\nActual Turbo Rotation:          1000 rpm\nTemperature Pump Bottom Part:      0 °C\nTemperature Motor:                 0 °C\nTemperature Electric:              0 °C\nTemperature Bearing:               0 °C\n___________________________________________\n```', 'verbatim': False}]}]}}
2026-03-09 16:12:11,673 - slack [INFO]: Uploading file Worldview_micrograms_dashboard.png to Slack
2026-03-09 16:12:12,416 - slack [DEBUG]: Slack API response: {'ok': True, 'upload_url': 'https://files.slack.com/upload/v1/CwABAAAAWgoAAdpCcRYEDfKYCgACGJtFWi19jHAMAAMLAAEAAAAJVE02UTJMMkdaCwACAAAAC1UwQUtESjBMQ0Y3CwADAAAAC0YwQUtXOVo4UDQxAAoABAAAAAAAA6i2AAsAAgAAABTYYGuv2O9vBebQ3beumjsVNgQHRQA', 'file_id': 'F0AKW9Z8P41'}
2026-03-09 16:12:12,416 - slack [DEBUG]: Slack API response: {'ok': True, 'upload_url': 'https://files.slack.com/upload/v1/CwABAAAAWgoAAdpCcRYEDfKYCgACGJtFWi19jHAMAAMLAAEAAAAJVE02UTJMMkdaCwACAAAAC1UwQUtESjBMQ0Y3CwADAAAAC0YwQUtXOVo4UDQxAAoABAAAAAAAA6i2AAsAAgAAABTYYGuv2O9vBebQ3beumjsVNgQHRQA', 'file_id': 'F0AKW9Z8P41'}
2026-03-09 16:12:12,416 - slack [INFO]: Sending images to channel C0AKLJCJYUU in thread 1773087115.345289
2026-03-09 16:12:12,844 - slack [DEBUG]: Slack API response: {'ok': True, 'files': [{'id': 'F0AKW9Z8P41', 'created': 1773087131, 'timestamp': 1773087131, 'name': 'Worldview_micrograms_dashboard.png', 'title': 'Worldview Micrograms Dashboard Screenshot', 'mimetype': '', 'filetype': '', 'pretty_type': '', 'user': 'U0AKDJ0LCF7', 'user_team': 'TM6Q2L2GZ', 'editable': False, 'size': 239798, 'mode': 'hosted', 'is_external': False, 'external_type': '', 'is_public': False, 'public_url_shared': False, 'display_as_bot': False, 'username': '', 'url_private': 'https://files.slack.com/files-pri/TM6Q2L2GZ-F0AKW9Z8P41/worldview_micrograms_dashboard.png', 'url_private_download': 'https://files.slack.com/files-pri/TM6Q2L2GZ-F0AKW9Z8P41/download/worldview_micrograms_dashboard.png', 'media_display_type': 'unknown', 'permalink': 'https://gramscollaboration.slack.com/files/U0AKDJ0LCF7/F0AKW9Z8P41/worldview_micrograms_dashboard.png', 'permalink_public': 'https://slack-files.com/TM6Q2L2GZ-F0AKW9Z8P41-570c0da28c', 'comments_count': 0, 'is_starred': False, 'shares': {}, 'channels': [], 'groups': [], 'ims': [], 'has_more_shares': False, 'has_rich_preview': False, 'file_access': 'visible'}]}
2026-03-09 16:12:12,844 - slack [DEBUG]: Slack API response: {'ok': True, 'files': [{'id': 'F0AKW9Z8P41', 'created': 1773087131, 'timestamp': 1773087131, 'name': 'Worldview_micrograms_dashboard.png', 'title': 'Worldview Micrograms Dashboard Screenshot', 'mimetype': '', 'filetype': '', 'pretty_type': '', 'user': 'U0AKDJ0LCF7', 'user_team': 'TM6Q2L2GZ', 'editable': False, 'size': 239798, 'mode': 'hosted', 'is_external': False, 'external_type': '', 'is_public': False, 'public_url_shared': False, 'display_as_bot': False, 'username': '', 'url_private': 'https://files.slack.com/files-pri/TM6Q2L2GZ-F0AKW9Z8P41/worldview_micrograms_dashboard.png', 'url_private_download': 'https://files.slack.com/files-pri/TM6Q2L2GZ-F0AKW9Z8P41/download/worldview_micrograms_dashboard.png', 'media_display_type': 'unknown', 'permalink': 'https://gramscollaboration.slack.com/files/U0AKDJ0LCF7/F0AKW9Z8P41/worldview_micrograms_dashboard.png', 'permalink_public': 'https://slack-files.com/TM6Q2L2GZ-F0AKW9Z8P41-570c0da28c', 'comments_count': 0, 'is_starred': False, 'shares': {}, 'channels': [], 'groups': [], 'ims': [], 'has_more_shares': False, 'has_rich_preview': False, 'file_access': 'visible'}]}
2026-03-09 17:11:55,169 - mysql [DEBUG]: MySQL query response: [{'id': 66261, 'time': datetime.datetime(2026, 3, 9, 17, 11, 50), 'PR1': Decimal('0.000010000000'), 'PR2': Decimal('691.000000000000'), 'PR3': Decimal('0.000003370000'), 'PR4': Decimal('0.000003374000'), 'PR5': Decimal('0.000003370000')}]
2026-03-09 17:11:55,170 - mysql [DEBUG]: MySQL query response: [{'id': 45475, 'time': datetime.datetime(2026, 3, 9, 17, 11, 53), 'RemotePrio': 0, 'SpdSwPtAtt': 111111, 'ErrorCode': '000000', 'OvTempElec': 0, 'OvTempPump': 0, 'SetSpdAtt': 111111, 'PumpAccel': 0, 'SetRotSpd': 1000, 'ActualSpd': 1000, 'DrvCurrent': Decimal('0.87'), 'OpHrsPump': 88635, 'FwVersion': 15500, 'DrvVoltage': Decimal('22.75'), 'OpHrsElec': 101467, 'NominalSpd': 1000, 'DrvPower': 18, 'PumpCylces': 1332, 'TempElec': None, 'TempPmpBot': None, 'AccelDecel': None, 'TempBearng': None, 'TempMotor': None, 'ElecName': 'TC100', 'HWVersion': None, 'ErrHist1': 'Err913', 'ErrHist2': 'Err006', 'ErrHist3': 'Err006', 'ErrHist4': 'Err006', 'ErrHist5': 'Err006', 'ErrHist6': 'Err913', 'ErrHist7': 'Err006', 'ErrHist8': 'Err006', 'ErrHist9': 'Err006', 'ErrHist10': 'Err913'}]
2026-03-09 17:11:55,170 - slack [INFO]: Editing block message in channel C0AKLJCJYUU with ts 1773087115.345289
2026-03-09 17:11:55,576 - slack [DEBUG]: Slack API response: {'ok': True, 'channel': 'C0AKLJCJYUU', 'ts': '1773087115.345289', 'text': '_____Pressure(2026-03-10 07:11:50 JST)_____ Pressure 1: 1.0000e-5 Torr, 1.3332e-03 Pa Pressure 2: 6.9100e+2 Torr, 9.2126e+04 Pa Pressure 3: 3.3700e-6 Torr, 4.4930e-04 Pa Pressure 4: 3.3740e-6 Torr, 4.4983e-04 Pa Pressure 5: 3.3700e-6 Torr, 4.4930e-04 Pa ___________________________________________  ______Turbo(2026-03-10 07:11:53 JST)______ Actual Turbo Rotation:          1000 rpm Temperature Pump Bottom Part:      0 °C Temperature Motor:                 0 °C Temperature Electric:              0 °C Temperature Bearing:               0 °C ___________________________________________ ', 'message': {'user': 'U0AKDJ0LCF7', 'type': 'message', 'edited': {'user': 'B0ALB8ZHA56', 'ts': '1773090715.000000'}, 'bot_id': 'B0ALB8ZHA56', 'app_id': 'A0AKEUYUJ1L', 'text': '_____Pressure(2026-03-10 07:11:50 JST)_____ Pressure 1: 1.0000e-5 Torr, 1.3332e-03 Pa Pressure 2: 6.9100e+2 Torr, 9.2126e+04 Pa Pressure 3: 3.3700e-6 Torr, 4.4930e-04 Pa Pressure 4: 3.3740e-6 Torr, 4.4983e-04 Pa Pressure 5: 3.3700e-6 Torr, 4.4930e-04 Pa ___________________________________________  ______Turbo(2026-03-10 07:11:53 JST)______ Actual Turbo Rotation:          1000 rpm Temperature Pump Bottom Part:      0 °C Temperature Motor:                 0 °C Temperature Electric:              0 °C Temperature Bearing:               0 °C ___________________________________________ ', 'team': 'TM6Q2L2GZ', 'bot_profile': {'id': 'B0ALB8ZHA56', 'app_id': 'A0AKEUYUJ1L', 'user_id': 'U0AKDJ0LCF7', 'name': 'worldview_slow_control', 'icons': {'image_36': 'https://a.slack-edge.com/80588/img/plugins/app/bot_36.png', 'image_48': 'https://a.slack-edge.com/80588/img/plugins/app/bot_48.png', 'image_72': 'https://a.slack-edge.com/80588/img/plugins/app/service_72.png'}, 'deleted': False, 'updated': 1773084018, 'team_id': 'TM6Q2L2GZ'}, 'thread_ts': '1773087115.345289', 'reply_count': 1, 'reply_users_count': 1, 'latest_reply': '1773087135.851359', 'reply_users': ['U0AKDJ0LCF7'], 'is_locked': False, 'subscribed': False, 'blocks': [{'type': 'header', 'block_id': 'rSiqH', 'text': {'type': 'plain_text', 'text': 'Current Worldview MicroGRAMS Status (2026-03-09 17:11:55 JST)', 'emoji': True}}, {'type': 'context', 'block_id': '4uCXD', 'elements': [{'type': 'mrkdwn', 'text': '```_____Pressure(2026-03-10 07:11:50 JST)_____\nPressure 1: 1.0000e-5 Torr, 1.3332e-03 Pa\nPressure 2: 6.9100e+2 Torr, 9.2126e+04 Pa\nPressure 3: 3.3700e-6 Torr, 4.4930e-04 Pa\nPressure 4: 3.3740e-6 Torr, 4.4983e-04 Pa\nPressure 5: 3.3700e-6 Torr, 4.4930e-04 Pa\n___________________________________________\n\n______Turbo(2026-03-10 07:11:53 JST)______\nActual Turbo Rotation:          1000 rpm\nTemperature Pump Bottom Part:      0 °C\nTemperature Motor:                 0 °C\nTemperature Electric:              0 °C\nTemperature Bearing:               0 °C\n___________________________________________\n```', 'verbatim': False}]}]}}
2026-03-09 17:12:11,808 - slack [INFO]: Uploading file Worldview_micrograms_dashboard.png to Slack
2026-03-09 17:12:12,626 - slack [DEBUG]: Slack API response: {'ok': True, 'upload_url': 'https://files.slack.com/upload/v1/CwABAAAAWgoAAV7vSpqfw5e9CgACGJtIoGglKFgMAAMLAAEAAAAJVE02UTJMMkdaCwACAAAAC1UwQUtESjBMQ0Y3CwADAAAAC0YwQUtXTUpOOTVGAAoABAAAAAAAA20yAAsAAgAAABSyFqboLGL8UZ4kuzgYv4kMskywfQA', 'file_id': 'F0AKWMJN95F'}
2026-03-09 17:12:12,626 - slack [DEBUG]: Slack API response: {'ok': True, 'upload_url': 'https://files.slack.com/upload/v1/CwABAAAAWgoAAV7vSpqfw5e9CgACGJtIoGglKFgMAAMLAAEAAAAJVE02UTJMMkdaCwACAAAAC1UwQUtESjBMQ0Y3CwADAAAAC0YwQUtXTUpOOTVGAAoABAAAAAAAA20yAAsAAgAAABSyFqboLGL8UZ4kuzgYv4kMskywfQA', 'file_id': 'F0AKWMJN95F'}
2026-03-09 17:12:12,626 - slack [INFO]: Sending images to channel C0AKLJCJYUU in thread 1773087115.345289
2026-03-09 17:12:12,999 - slack [DEBUG]: Slack API response: {'ok': True, 'files': [{'id': 'F0AKWMJN95F', 'created': 1773090732, 'timestamp': 1773090732, 'name': 'Worldview_micrograms_dashboard.png', 'title': 'Worldview Micrograms Dashboard Screenshot', 'mimetype': '', 'filetype': '', 'pretty_type': '', 'user': 'U0AKDJ0LCF7', 'user_team': 'TM6Q2L2GZ', 'editable': False, 'size': 224562, 'mode': 'hosted', 'is_external': False, 'external_type': '', 'is_public': False, 'public_url_shared': False, 'display_as_bot': False, 'username': '', 'url_private': 'https://files.slack.com/files-pri/TM6Q2L2GZ-F0AKWMJN95F/worldview_micrograms_dashboard.png', 'url_private_download': 'https://files.slack.com/files-pri/TM6Q2L2GZ-F0AKWMJN95F/download/worldview_micrograms_dashboard.png', 'media_display_type': 'unknown', 'permalink': 'https://gramscollaboration.slack.com/files/U0AKDJ0LCF7/F0AKWMJN95F/worldview_micrograms_dashboard.png', 'permalink_public': 'https://slack-files.com/TM6Q2L2GZ-F0AKWMJN95F-8b525a4c3e', 'comments_count': 0, 'is_starred': False, 'shares': {}, 'channels': [], 'groups': [], 'ims': [], 'has_more_shares': False, 'has_rich_preview': False, 'file_access': 'visible'}]}
2026-03-09 17:12:12,999 - slack [DEBUG]: Slack API response: {'ok': True, 'files': [{'id': 'F0AKWMJN95F', 'created': 1773090732, 'timestamp': 1773090732, 'name': 'Worldview_micrograms_dashboard.png', 'title': 'Worldview Micrograms Dashboard Screenshot', 'mimetype': '', 'filetype': '', 'pretty_type': '', 'user': 'U0AKDJ0LCF7', 'user_team': 'TM6Q2L2GZ', 'editable': False, 'size': 224562, 'mode': 'hosted', 'is_external': False, 'external_type': '', 'is_public': False, 'public_url_shared': False, 'display_as_bot': False, 'username': '', 'url_private': 'https://files.slack.com/files-pri/TM6Q2L2GZ-F0AKWMJN95F/worldview_micrograms_dashboard.png', 'url_private_download': 'https://files.slack.com/files-pri/TM6Q2L2GZ-F0AKWMJN95F/download/worldview_micrograms_dashboard.png', 'media_display_type': 'unknown', 'permalink': 'https://gramscollaboration.slack.com/files/U0AKDJ0LCF7/F0AKWMJN95F/worldview_micrograms_dashboard.png', 'permalink_public': 'https://slack-files.com/TM6Q2L2GZ-F0AKWMJN95F-8b525a4c3e', 'comments_count': 0, 'is_starred': False, 'shares': {}, 'channels': [], 'groups': [], 'ims': [], 'has_more_shares': False, 'has_rich_preview': False, 'file_access': 'visible'}]}
2026-03-09 17:37:19,905 - main [INFO]: Starting Osaka MicroGRAMS Slack Info Bot
2026-03-09 17:37:19,905 - main [INFO]: Text push duration set to 600 seconds
2026-03-09 17:37:19,905 - main [INFO]: Image push duration set to 3600 seconds
2026-03-09 17:37:19,905 - main [INFO]: host: 127.0.0.1, user: root
2026-03-09 17:37:19,905 - slack [INFO]: Initialized SlackHandler
2026-03-09 17:37:20,200 - slack [INFO]: Slack auth test successful
2026-03-09 17:37:21,821 - slack [INFO]: Authenticated as user: worldviewslowcontrol in team: ['GRAMS']

2026-03-09 17:37:21,824 - mysql [DEBUG]: MySQL query response: [{'id': 66557, 'time': datetime.datetime(2026, 3, 9, 17, 37, 17), 'PR1': Decimal('0.000010000000'), 'PR2': Decimal('691.000000000000'), 'PR3': Decimal('0.000003370000'), 'PR4': Decimal('0.000003371000'), 'PR5': Decimal('0.000003370000')}]
2026-03-09 17:37:21,825 - mysql [DEBUG]: MySQL query response: [{'id': 46039, 'time': datetime.datetime(2026, 3, 9, 17, 37, 19), 'RemotePrio': 0, 'SpdSwPtAtt': 111111, 'ErrorCode': '000000', 'OvTempElec': 0, 'OvTempPump': 0, 'SetSpdAtt': 111111, 'PumpAccel': 0, 'SetRotSpd': 1000, 'ActualSpd': 1000, 'DrvCurrent': Decimal('0.84'), 'OpHrsPump': 88636, 'FwVersion': 15500, 'DrvVoltage': Decimal('22.75'), 'OpHrsElec': 101468, 'NominalSpd': 1000, 'DrvPower': 17, 'PumpCylces': 1332, 'TempElec': None, 'TempPmpBot': None, 'AccelDecel': None, 'TempBearng': None, 'TempMotor': None, 'ElecName': 'TC100', 'HWVersion': None, 'ErrHist1': 'Err913', 'ErrHist2': 'Err006', 'ErrHist3': 'Err006', 'ErrHist4': 'Err006', 'ErrHist5': 'Err006', 'ErrHist6': 'Err913', 'ErrHist7': 'Err006', 'ErrHist8': 'Err006', 'ErrHist9': 'Err006', 'ErrHist10': 'Err913'}]
2026-03-09 17:37:21,825 - slack [INFO]: Sending block message to channel #worldview_slow_control
2026-03-09 17:37:21,825 - slack [DEBUG]: Sending block message to channel #worldview_slow_control: [{'type': 'header', 'text': {'type': 'plain_text', 'text': 'Current Worldview MicroGRAMS Status (2026-03-09 17:37:21 JST)'}}, {'type': 'context', 'elements': [{'type': 'mrkdwn', 'text': '```_____Pressure(2026-03-10 07:37:17 JST)_____\nPressure 1: 1.0000e-5 Torr, 1.3332e-03 Pa\nPressure 2: 6.9100e+2 Torr, 9.2126e+04 Pa\nPressure 3: 3.3700e-6 Torr, 4.4930e-04 Pa\nPressure 4: 3.3710e-6 Torr, 4.4943e-04 Pa\nPressure 5: 3.3700e-6 Torr, 4.4930e-04 Pa\n___________________________________________\n\n______Turbo(2026-03-10 07:37:19 JST)______\nActual Turbo Rotation:          1000 rpm\nTemperature Pump Bottom Part:      0 °C\nTemperature Motor:                 0 °C\nTemperature Electric:              0 °C\nTemperature Bearing:               0 °C\n___________________________________________\n```'}]}]
2026-03-09 17:37:22,185 - slack [DEBUG]: Slack API response: {'ok': True, 'channel': 'C0AKLJCJYUU', 'ts': '1773092242.098779', 'message': {'user': 'U0AKDJ0LCF7', 'type': 'message', 'ts': '1773092242.098779', 'bot_id': 'B0ALB8ZHA56', 'app_id': 'A0AKEUYUJ1L', 'text': 'Current Worldview MicroGRAMS Status (2026-03-09 17:37:21 JST) _____Pressure(2026-03-10 07:37:17 JST)_____ Pressure 1: 1.0000e-5 Torr, 1.3332e-03 Pa Pressure 2: 6.9100e+2 Torr, 9.2126e+04 Pa Pressure 3: 3.3700e-6 Torr, 4.4930e-04 Pa Pressure 4: 3.3710e-6 Torr, 4.4943e-04 Pa Pressure 5: 3.3700e-6 Torr, 4.4930e-04 Pa ___________________________________________  ______Turbo(2026-03-10 07:37:19 JST)______ Actual Turbo Rotation:          1000 rpm Temperature Pump Bottom Part:      0 °C Temperature Motor:                 0 °C Temperature Electric:              0 °C Temperature Bearing:               0 °C ___________________________________________ ', 'team': 'TM6Q2L2GZ', 'bot_profile': {'id': 'B0ALB8ZHA56', 'app_id': 'A0AKEUYUJ1L', 'user_id': 'U0AKDJ0LCF7', 'name': 'worldview_slow_control', 'icons': {'image_36': 'https://a.slack-edge.com/80588/img/plugins/app/bot_36.png', 'image_48': 'https://a.slack-edge.com/80588/img/plugins/app/bot_48.png', 'image_72': 'https://a.slack-edge.com/80588/img/plugins/app/service_72.png'}, 'deleted': False, 'updated': 1773084018, 'team_id': 'TM6Q2L2GZ'}, 'blocks': [{'type': 'header', 'block_id': '0KRAN', 'text': {'type': 'plain_text', 'text': 'Current Worldview MicroGRAMS Status (2026-03-09 17:37:21 JST)', 'emoji': True}}, {'type': 'context', 'block_id': 'yYoA4', 'elements': [{'type': 'mrkdwn', 'text': '```_____Pressure(2026-03-10 07:37:17 JST)_____\nPressure 1: 1.0000e-5 Torr, 1.3332e-03 Pa\nPressure 2: 6.9100e+2 Torr, 9.2126e+04 Pa\nPressure 3: 3.3700e-6 Torr, 4.4930e-04 Pa\nPressure 4: 3.3710e-6 Torr, 4.4943e-04 Pa\nPressure 5: 3.3700e-6 Torr, 4.4930e-04 Pa\n___________________________________________\n\n______Turbo(2026-03-10 07:37:19 JST)______\nActual Turbo Rotation:          1000 rpm\nTemperature Pump Bottom Part:      0 °C\nTemperature Motor:                 0 °C\nTemperature Electric:              0 °C\nTemperature Bearing:               0 °C\n___________________________________________\n```', 'verbatim': False}]}]}}
2026-03-09 17:37:38,416 - slack [INFO]: Uploading file Worldview_micrograms_dashboard.png to Slack
2026-03-09 17:37:39,325 - slack [DEBUG]: Slack API response: {'ok': True, 'upload_url': 'https://files.slack.com/upload/v1/CwABAAAAWgoAAVZYKq77eUmfCgACGJtKA9dD6yAMAAMLAAEAAAAJVE02UTJMMkdaCwACAAAAC1UwQUtESjBMQ0Y3CwADAAAAC0YwQUtCR1VEUjdEAAoABAAAAAAAA6cyAAsAAgAAABRTpBouSuDvACBKu9BT0_v4BUaOwgA', 'file_id': 'F0AKBGUDR7D'}
2026-03-09 17:37:39,325 - slack [DEBUG]: Slack API response: {'ok': True, 'upload_url': 'https://files.slack.com/upload/v1/CwABAAAAWgoAAVZYKq77eUmfCgACGJtKA9dD6yAMAAMLAAEAAAAJVE02UTJMMkdaCwACAAAAC1UwQUtESjBMQ0Y3CwADAAAAC0YwQUtCR1VEUjdEAAoABAAAAAAAA6cyAAsAAgAAABRTpBouSuDvACBKu9BT0_v4BUaOwgA', 'file_id': 'F0AKBGUDR7D'}
2026-03-09 17:37:39,325 - slack [INFO]: Sending images to channel C0AKLJCJYUU in thread 1773092242.098779
2026-03-09 17:37:39,661 - slack [DEBUG]: Slack API response: {'ok': True, 'files': [{'id': 'F0AKBGUDR7D', 'created': 1773092258, 'timestamp': 1773092258, 'name': 'Worldview_micrograms_dashboard.png', 'title': 'Worldview Micrograms Dashboard Screenshot', 'mimetype': '', 'filetype': '', 'pretty_type': '', 'user': 'U0AKDJ0LCF7', 'user_team': 'TM6Q2L2GZ', 'editable': False, 'size': 239410, 'mode': 'hosted', 'is_external': False, 'external_type': '', 'is_public': False, 'public_url_shared': False, 'display_as_bot': False, 'username': '', 'url_private': 'https://files.slack.com/files-pri/TM6Q2L2GZ-F0AKBGUDR7D/worldview_micrograms_dashboard.png', 'url_private_download': 'https://files.slack.com/files-pri/TM6Q2L2GZ-F0AKBGUDR7D/download/worldview_micrograms_dashboard.png', 'media_display_type': 'unknown', 'permalink': 'https://gramscollaboration.slack.com/files/U0AKDJ0LCF7/F0AKBGUDR7D/worldview_micrograms_dashboard.png', 'permalink_public': 'https://slack-files.com/TM6Q2L2GZ-F0AKBGUDR7D-e1d5c37392', 'comments_count': 0, 'is_starred': False, 'shares': {}, 'channels': [], 'groups': [], 'ims': [], 'has_more_shares': False, 'has_rich_preview': False, 'file_access': 'visible'}]}
2026-03-09 17:37:39,661 - slack [DEBUG]: Slack API response: {'ok': True, 'files': [{'id': 'F0AKBGUDR7D', 'created': 1773092258, 'timestamp': 1773092258, 'name': 'Worldview_micrograms_dashboard.png', 'title': 'Worldview Micrograms Dashboard Screenshot', 'mimetype': '', 'filetype': '', 'pretty_type': '', 'user': 'U0AKDJ0LCF7', 'user_team': 'TM6Q2L2GZ', 'editable': False, 'size': 239410, 'mode': 'hosted', 'is_external': False, 'external_type': '', 'is_public': False, 'public_url_shared': False, 'display_as_bot': False, 'username': '', 'url_private': 'https://files.slack.com/files-pri/TM6Q2L2GZ-F0AKBGUDR7D/worldview_micrograms_dashboard.png', 'url_private_download': 'https://files.slack.com/files-pri/TM6Q2L2GZ-F0AKBGUDR7D/download/worldview_micrograms_dashboard.png', 'media_display_type': 'unknown', 'permalink': 'https://gramscollaboration.slack.com/files/U0AKDJ0LCF7/F0AKBGUDR7D/worldview_micrograms_dashboard.png', 'permalink_public': 'https://slack-files.com/TM6Q2L2GZ-F0AKBGUDR7D-e1d5c37392', 'comments_count': 0, 'is_starred': False, 'shares': {}, 'channels': [], 'groups': [], 'ims': [], 'has_more_shares': False, 'has_rich_preview': False, 'file_access': 'visible'}]}
2026-03-09 17:47:22,716 - mysql [DEBUG]: MySQL query response: [{'id': 66674, 'time': datetime.datetime(2026, 3, 9, 17, 47, 18), 'PR1': Decimal('0.000010000000'), 'PR2': Decimal('691.000000000000'), 'PR3': Decimal('0.000003380000'), 'PR4': Decimal('0.000003377000'), 'PR5': Decimal('0.000003380000')}]
2026-03-09 17:47:22,716 - mysql [DEBUG]: MySQL query response: [{'id': 46261, 'time': datetime.datetime(2026, 3, 9, 17, 47, 20), 'RemotePrio': 0, 'SpdSwPtAtt': 111111, 'ErrorCode': '000000', 'OvTempElec': 0, 'OvTempPump': 0, 'SetSpdAtt': 111111, 'PumpAccel': 0, 'SetRotSpd': 1000, 'ActualSpd': 1000, 'DrvCurrent': Decimal('0.58'), 'OpHrsPump': 88636, 'FwVersion': 15500, 'DrvVoltage': Decimal('23.00'), 'OpHrsElec': 101468, 'NominalSpd': 1000, 'DrvPower': 12, 'PumpCylces': 1332, 'TempElec': None, 'TempPmpBot': None, 'AccelDecel': None, 'TempBearng': None, 'TempMotor': None, 'ElecName': 'TC100', 'HWVersion': None, 'ErrHist1': 'Err913', 'ErrHist2': 'Err006', 'ErrHist3': 'Err006', 'ErrHist4': 'Err006', 'ErrHist5': 'Err006', 'ErrHist6': 'Err913', 'ErrHist7': 'Err006', 'ErrHist8': 'Err006', 'ErrHist9': 'Err006', 'ErrHist10': 'Err913'}]
2026-03-09 17:47:22,716 - slack [INFO]: Editing block message in channel C0AKLJCJYUU with ts 1773092242.098779
2026-03-09 17:47:23,081 - slack [DEBUG]: Slack API response: {'ok': True, 'channel': 'C0AKLJCJYUU', 'ts': '1773092242.098779', 'text': '_____Pressure(2026-03-10 07:47:18 JST)_____ Pressure 1: 1.0000e-5 Torr, 1.3332e-03 Pa Pressure 2: 6.9100e+2 Torr, 9.2126e+04 Pa Pressure 3: 3.3800e-6 Torr, 4.5063e-04 Pa Pressure 4: 3.3770e-6 Torr, 4.5023e-04 Pa Pressure 5: 3.3800e-6 Torr, 4.5063e-04 Pa ___________________________________________  ______Turbo(2026-03-10 07:47:20 JST)______ Actual Turbo Rotation:          1000 rpm Temperature Pump Bottom Part:      0 °C Temperature Motor:                 0 °C Temperature Electric:              0 °C Temperature Bearing:               0 °C ___________________________________________ ', 'message': {'user': 'U0AKDJ0LCF7', 'type': 'message', 'edited': {'user': 'B0ALB8ZHA56', 'ts': '1773092842.000000'}, 'bot_id': 'B0ALB8ZHA56', 'app_id': 'A0AKEUYUJ1L', 'text': '_____Pressure(2026-03-10 07:47:18 JST)_____ Pressure 1: 1.0000e-5 Torr, 1.3332e-03 Pa Pressure 2: 6.9100e+2 Torr, 9.2126e+04 Pa Pressure 3: 3.3800e-6 Torr, 4.5063e-04 Pa Pressure 4: 3.3770e-6 Torr, 4.5023e-04 Pa Pressure 5: 3.3800e-6 Torr, 4.5063e-04 Pa ___________________________________________  ______Turbo(2026-03-10 07:47:20 JST)______ Actual Turbo Rotation:          1000 rpm Temperature Pump Bottom Part:      0 °C Temperature Motor:                 0 °C Temperature Electric:              0 °C Temperature Bearing:               0 °C ___________________________________________ ', 'team': 'TM6Q2L2GZ', 'bot_profile': {'id': 'B0ALB8ZHA56', 'app_id': 'A0AKEUYUJ1L', 'user_id': 'U0AKDJ0LCF7', 'name': 'worldview_slow_control', 'icons': {'image_36': 'https://a.slack-edge.com/80588/img/plugins/app/bot_36.png', 'image_48': 'https://a.slack-edge.com/80588/img/plugins/app/bot_48.png', 'image_72': 'https://a.slack-edge.com/80588/img/plugins/app/service_72.png'}, 'deleted': False, 'updated': 1773084018, 'team_id': 'TM6Q2L2GZ'}, 'thread_ts': '1773092242.098779', 'reply_count': 1, 'reply_users_count': 1, 'latest_reply': '1773092262.542559', 'reply_users': ['U0AKDJ0LCF7'], 'is_locked': False, 'subscribed': False, 'blocks': [{'type': 'header', 'block_id': 'DHVqE', 'text': {'type': 'plain_text', 'text': 'Current Worldview MicroGRAMS Status (2026-03-09 17:47:22 JST)', 'emoji': True}}, {'type': 'context', 'block_id': '9YZuF', 'elements': [{'type': 'mrkdwn', 'text': '```_____Pressure(2026-03-10 07:47:18 JST)_____\nPressure 1: 1.0000e-5 Torr, 1.3332e-03 Pa\nPressure 2: 6.9100e+2 Torr, 9.2126e+04 Pa\nPressure 3: 3.3800e-6 Torr, 4.5063e-04 Pa\nPressure 4: 3.3770e-6 Torr, 4.5023e-04 Pa\nPressure 5: 3.3800e-6 Torr, 4.5063e-04 Pa\n___________________________________________\n\n______Turbo(2026-03-10 07:47:20 JST)______\nActual Turbo Rotation:          1000 rpm\nTemperature Pump Bottom Part:      0 °C\nTemperature Motor:                 0 °C\nTemperature Electric:              0 °C\nTemperature Bearing:               0 °C\n___________________________________________\n```', 'verbatim': False}]}]}}
2026-03-09 17:57:23,134 - mysql [DEBUG]: MySQL query response: [{'id': 66791, 'time': datetime.datetime(2026, 3, 9, 17, 57, 22), 'PR1': Decimal('0.000010000000'), 'PR2': Decimal('691.000000000000'), 'PR3': Decimal('0.000003370000'), 'PR4': Decimal('0.000003375000'), 'PR5': Decimal('0.000003380000')}]
2026-03-09 17:57:23,134 - mysql [DEBUG]: MySQL query response: [{'id': 46483, 'time': datetime.datetime(2026, 3, 9, 17, 57, 21), 'RemotePrio': 0, 'SpdSwPtAtt': 111111, 'ErrorCode': '000000', 'OvTempElec': 0, 'OvTempPump': 0, 'SetSpdAtt': 111111, 'PumpAccel': 0, 'SetRotSpd': 1000, 'ActualSpd': 1000, 'DrvCurrent': Decimal('0.81'), 'OpHrsPump': 88636, 'FwVersion': 15500, 'DrvVoltage': Decimal('22.75'), 'OpHrsElec': 101468, 'NominalSpd': 1000, 'DrvPower': 18, 'PumpCylces': 1332, 'TempElec': None, 'TempPmpBot': None, 'AccelDecel': None, 'TempBearng': None, 'TempMotor': None, 'ElecName': 'TC100', 'HWVersion': None, 'ErrHist1': 'Err913', 'ErrHist2': 'Err006', 'ErrHist3': 'Err006', 'ErrHist4': 'Err006', 'ErrHist5': 'Err006', 'ErrHist6': 'Err913', 'ErrHist7': 'Err006', 'ErrHist8': 'Err006', 'ErrHist9': 'Err006', 'ErrHist10': 'Err913'}]
2026-03-09 17:57:23,135 - slack [INFO]: Editing block message in channel C0AKLJCJYUU with ts 1773092242.098779
2026-03-09 17:57:23,503 - slack [DEBUG]: Slack API response: {'ok': True, 'channel': 'C0AKLJCJYUU', 'ts': '1773092242.098779', 'text': '_____Pressure(2026-03-10 07:57:22 JST)_____ Pressure 1: 1.0000e-5 Torr, 1.3332e-03 Pa Pressure 2: 6.9100e+2 Torr, 9.2126e+04 Pa Pressure 3: 3.3700e-6 Torr, 4.4930e-04 Pa Pressure 4: 3.3750e-6 Torr, 4.4996e-04 Pa Pressure 5: 3.3800e-6 Torr, 4.5063e-04 Pa ___________________________________________  ______Turbo(2026-03-10 07:57:21 JST)______ Actual Turbo Rotation:          1000 rpm Temperature Pump Bottom Part:      0 °C Temperature Motor:                 0 °C Temperature Electric:              0 °C Temperature Bearing:               0 °C ___________________________________________ ', 'message': {'user': 'U0AKDJ0LCF7', 'type': 'message', 'edited': {'user': 'B0ALB8ZHA56', 'ts': '1773093443.000000'}, 'bot_id': 'B0ALB8ZHA56', 'app_id': 'A0AKEUYUJ1L', 'text': '_____Pressure(2026-03-10 07:57:22 JST)_____ Pressure 1: 1.0000e-5 Torr, 1.3332e-03 Pa Pressure 2: 6.9100e+2 Torr, 9.2126e+04 Pa Pressure 3: 3.3700e-6 Torr, 4.4930e-04 Pa Pressure 4: 3.3750e-6 Torr, 4.4996e-04 Pa Pressure 5: 3.3800e-6 Torr, 4.5063e-04 Pa ___________________________________________  ______Turbo(2026-03-10 07:57:21 JST)______ Actual Turbo Rotation:          1000 rpm Temperature Pump Bottom Part:      0 °C Temperature Motor:                 0 °C Temperature Electric:              0 °C Temperature Bearing:               0 °C ___________________________________________ ', 'team': 'TM6Q2L2GZ', 'bot_profile': {'id': 'B0ALB8ZHA56', 'app_id': 'A0AKEUYUJ1L', 'user_id': 'U0AKDJ0LCF7', 'name': 'worldview_slow_control', 'icons': {'image_36': 'https://a.slack-edge.com/80588/img/plugins/app/bot_36.png', 'image_48': 'https://a.slack-edge.com/80588/img/plugins/app/bot_48.png', 'image_72': 'https://a.slack-edge.com/80588/img/plugins/app/service_72.png'}, 'deleted': False, 'updated': 1773084018, 'team_id': 'TM6Q2L2GZ'}, 'thread_ts': '1773092242.098779', 'reply_count': 1, 'reply_users_count': 1, 'latest_reply': '1773092262.542559', 'reply_users': ['U0AKDJ0LCF7'], 'is_locked': False, 'subscribed': False, 'blocks': [{'type': 'header', 'block_id': 'jdzuW', 'text': {'type': 'plain_text', 'text': 'Current Worldview MicroGRAMS Status (2026-03-09 17:57:23 JST)', 'emoji': True}}, {'type': 'context', 'block_id': 'zzk+/', 'elements': [{'type': 'mrkdwn', 'text': '```_____Pressure(2026-03-10 07:57:22 JST)_____\nPressure 1: 1.0000e-5 Torr, 1.3332e-03 Pa\nPressure 2: 6.9100e+2 Torr, 9.2126e+04 Pa\nPressure 3: 3.3700e-6 Torr, 4.4930e-04 Pa\nPressure 4: 3.3750e-6 Torr, 4.4996e-04 Pa\nPressure 5: 3.3800e-6 Torr, 4.5063e-04 Pa\n___________________________________________\n\n______Turbo(2026-03-10 07:57:21 JST)______\nActual Turbo Rotation:          1000 rpm\nTemperature Pump Bottom Part:      0 °C\nTemperature Motor:                 0 °C\nTemperature Electric:              0 °C\nTemperature Bearing:               0 °C\n___________________________________________\n```', 'verbatim': False}]}]}}
